pl_name,pl_eqt,pl_rade,pl_orbper,pl_orbsmax,st_teff,st_mass,st_rad,st_logg,st_age,sy_snum,sy_pnum,ra,dec,glat,glon,elat,elon,sy_vmag,sy_vmagerr1,sy_vmagerr2,sy_jmag,sy_hmag,sy_kmag,sy_tmag,sy_tmagerr1,sy_tmagerr2,pl_nnotes,st_nphot,st_nrvc,st_nspec,pl_nespec,pl_ntranspec,teq_phys,pl_insol
CoRoT-25 b,3.123851640967086,1.0831441431430522,0.6866979239787829,-1.238072161579471,3.7810369386211318,0.037426497940623665,0.07554696139253074,4.31,0.6532125137753437,1,1,280.6296561,6.5138223,4.94113,37.73014,29.50564,282.15248,1.1699681739968923,-0.7644715530924511,-0.172,1.1238516409670858,1.113609151073028,1.108767917678082,1.1503081025556288,-1.832682665251824,-0.0147,0,0,2,0,0,0,3.1210799258267348,2.7060807107427043
HAT-P-20 b,2.9867717342662448,0.9875768947269874,0.4586857320731066,-1.442492798094342,3.66228551572213,-0.12147820449879346,-0.15864052954514513,4.63,0.8260748027008264,1,1,111.9164295,24.3361185,18.39436,194.41535,2.39826,109.89653,1.0504184272451353,-1.6382721639824072,-0.023,0.9673607399659497,0.9416604783883924,0.9345489476661469,1.012128282566325,-2.214670164989233,-0.0061,0,0,1,0,0,0,2.9874450757163307,2.171541310301088
HAT-P-29 b,3.100370545117563,1.0937017848055486,0.7576378604394025,-1.175874166083451,3.7844033017530085,0.08170727009734924,0.08778141780954238,4.34,0.3424226808222063,2,1,33.1310921,51.7787754,-9.10798,135.4706,35.89413,50.23673,1.072801149409849,-1.6777807052660807,-0.021,1.0272680424666187,1.016824493667488,1.012710712741787,1.052274447109419,-2.214670164989233,-0.0061,1,0,1,0,0,0,3.0994645194191075,2.6196190851121943
HAT-P-42 b,3.1547282074401557,1.156791368003929,0.6666937219400065,-1.2403321553103694,3.7591388162811663,0.07114529045108281,0.1846914308175988,4.14,0.7160033436347992,1,1,135.3443583,6.0970828,31.58211,223.004,-10.40149,135.97947,1.0836817472743012,-1.337242168318426,-0.046,1.0398105541483504,1.0284492427235084,1.0263698115737183,1.06295032027415,-2.221848749616356,-0.006,0,0,0,0,0,0,3.154884035064753,2.841297147694776
HAT-P-63 b,3.0923696996291206,1.0983962077965361,0.5286246739930626,-1.3671379598997702,3.7323937598229686,-0.03385826726096737,-0.014977917890464851,4.435,0.9542425094393249,1,1,269.5720695,5.7613709,14.43563,32.04857,29.19993,269.50838,1.135355309408775,-1.0362121726544447,-0.092,1.0799405971523623,1.0655797147284485,1.0611507809285488,1.1105863436623093,-2.221848749616356,-0.006,0,0,0,0,0,0,3.0917072065472233,2.5885898336246584
HATS-11 b,3.2140486794119414,1.2285438164578208,0.5586079393223093,-1.3359224098149254,3.782472624166286,0.0,0.15956719323362029,4.118,0.8864907251724818,1,1,289.4007603,-22.3900092,-15.5115,15.35571,-0.14734,287.88266,1.147985320683805,-0.9871627752948278,-0.103,1.1019875185582992,1.090434416175122,1.0878878494929334,1.1262450820386845,-2.1487416512809245,-0.0071,0,0,0,0,0,0,3.2134508514101614,3.07556441307641
HATS-18 b,3.3138672203691533,1.1756982764266357,-0.07683714708731262,-1.7542406440327232,3.7481880270062002,0.01577875638904093,0.00860017176191757,4.436,0.6232492903979004,1,1,173.9574203,-29.1560639,30.87451,283.68658,-28.91789,187.1792,1.1519211797999052,-1.0969100130080565,-0.08,1.105033050393594,1.0927907996768862,1.0895165442248207,1.126774090115439,-2.1249387366083,-0.0075,0,0,0,0,0,0,3.312841860623123,3.4731284499282564
HATS-35 b,3.3089910290001643,1.2151079458870244,0.26030977885027656,-1.4949857599158929,3.7993405494535817,0.1195857749617838,0.1562461903973445,4.244,0.3283796034387377,1,1,296.688442,-63.5656488,-30.1993,332.9417,-41.5552,285.49335,1.1006806447250994,-1.2441251443275085,-0.057,1.058388059993333,1.0489077014837713,1.046026669702541,1.0808320427987836,-2.221848749616356,-0.006,0,0,0,0,0,0,3.308189950329803,3.4545208087549755
HATS-37 A b,3.0354297381845483,0.8320394933309376,0.6366419883900817,-1.3086532358651781,3.7264011621029223,-0.07417242537525769,-0.05700040663395948,4.478,1.0591846176313713,2,1,199.80183,-22.9868431,39.43782,311.21577,-13.54688,207.00362,1.0913503523135788,-0.826813731587726,-0.149,1.0223458762698803,1.001647191346038,0.9976921179417265,1.0564322037468068,-2.214670164989233,-0.0061,1,0,0,0,0,0,3.0354610024381343,2.3636050171883007
HATS-8 b,3.121887985103681,0.9905811128702211,0.5543550349735561,-1.3309621991148441,3.754271868683459,0.023663918197793475,0.03582982525282817,4.386,0.7075701760979364,1,1,294.9416887,-25.7483655,-21.46173,14.08379,-4.22679,292.3832,1.1617272697160201,-1.1611509092627446,-0.069,1.1172049860927828,1.1064968701389724,1.1024680087880168,1.1405237552894758,-2.0757207139381184,-0.0084,0,0,0,0,0,0,3.1209013065868976,2.705366233783355
HD 110067 g,2.6434526764861874,0.41614103116832896,1.738542106574505,-0.5815329790533995,3.7214808547700495,-0.09799710864927055,-0.10347378251044466,4.54,0.9084850188786497,3,6,189.8392243,20.0273377,82.37965,281.0126,22.21432,180.68165,0.9252605095194353,-2.6989700043360187,-0.002,0.8421097634406101,0.8169700377572995,0.8123785111541942,0.8843478157708888,-2.221848749616356,-0.006,0,0,0,0,0,0,2.643743878761129,0.7967365224802808
HD 183579 b,2.876217840591642,0.5428254269591799,1.2423249973390142,-0.8787685448503785,3.7622282842864743,-0.00174066157630127,-0.017728766960431602,4.45,0.4913616938342727,1,1,293.2866147,-54.5327284,-27.69962,343.06161,-32.35999,285.75315,0.9380190974762103,-1.5228787452803376,-0.03,0.8761023213777936,0.8591983615338774,0.8543060418010806,0.9078840973806557,-2.221848749616356,-0.006,2,1,0,0,0,0,2.87598159895105,1.725687403239965
HD 28109 b,2.94507448847873,0.34222522936079036,1.3596655242604245,-0.8674201523402629,3.7867514221455614,0.10037054511756291,0.160168292958512,4.13,0.04139268515822508,1,3,65.2383065,-68.1026875,-38.73361,280.67988,-80.40081,339.50704,0.9740509027928773,-1.5228787452803376,-0.03,0.928190948038757,0.9167696842831361,0.9124877613323237,0.951274361762412,-2.221848749616356,-0.006,0,0,0,0,0,0,2.983779070514551,2.156877289493968
HD 63935 c,2.7921043997587858,0.4863614623481334,1.330468564056445,-0.8297382846050426,3.741387992479269,-0.02659502558993932,-0.01781925440359742,4.445,0.8195439355418687,1,2,117.9246417,9.3852412,17.61294,211.23645,-11.36985,118.11421,0.9334872878487055,-1.5228787452803376,-0.03,0.8635607645262425,0.8428587624452937,0.8376515578463924,0.8990485885984534,-2.221848749616356,-0.006,0,0,0,0,0,0,2.830580933299594,1.5440847406341403
HD 93963 A b,3.3100557377508912,0.13033376849500614,0.016672098296183265,-1.6808939406902237,3.777209258145685,0.04493154614916006,0.018284308426530838,4.49,0.146128035678238,2,2,162.7766969,25.641065,63.07361,209.2072,16.90839,154.15456,0.962937288430002,-2.5228787452803374,-0.003,0.9089137400209711,0.8924841793646877,0.8907562519182182,0.9358044190661434,-2.221848749616356,-0.006,0,0,0,0,0,0,3.3100318084236644,3.461888241130422
HD 93963 A c,3.0836638378542323,0.49412126481400087,0.5617140819967072,-1.3255062827036497,3.771440486639912,0.03518950890844796,0.013300786856887702,4.445,0.11394335230683679,2,2,162.7766969,25.641065,63.07361,209.2072,16.90839,154.15456,0.962937288430002,-2.5228787452803374,-0.003,0.9089137400209711,0.8924841793646877,0.8907562519182182,0.9358044190661434,-2.221848749616356,-0.006,0,0,0,0,0,0,3.1240774471397827,2.718070795994896
HIP 65 A b,3.149527013754348,1.3570629070778644,-0.00834276875648569,-1.749092300299144,3.661812685537261,-0.10734896612269966,-0.14014147951900718,4.611,0.6127838567197355,2,1,0.1856063,-54.8308228,-60.79535,317.9426,-48.65474,330.6793,1.0413926851582251,-1.5228787452803376,-0.03,0.9504622189055979,0.9242792860618817,0.9185545305502735,0.9956571281084206,-2.221848749616356,-0.006,1,1,0,0,0,0,3.149521521646932,2.8198470940234923
HR 858 c,3.116939646550756,0.2964457942063963,0.7762554040033752,-1.1630432629404497,3.803047210491129,0.08062648692180573,0.09968064110925012,4.3,0.3010299956639812,2,3,42.9849779,-30.8140609,-63.46852,228.14045,-44.66058,27.95506,0.8048206787211624,-1.5228787452803376,-0.03,0.738225448142505,0.7180862947830916,0.7117228918272347,0.7712419654609769,-2.221848749616356,-0.006,2,1,0,0,0,0,3.1176425882355807,2.6923313603780876
K2-107 b,3.250420002308894,1.2079293612599011,0.5203420200827404,-1.3187587626244128,3.780317312140151,0.11394335230683679,0.250420002308894,4.07,0.6283889300503115,1,1,284.985355,-22.2934206,-11.7431,13.73298,0.42865,283.83849,1.114344054609816,-0.9871627752948278,-0.103,1.0631080829986201,1.0514226660890345,1.049605612594973,1.089318594562536,-1.9956786262173574,-0.0101,2,0,0,0,0,0,3.248140120326407,3.2143214887413922
K2-110 b,2.806179973983887,0.41363499719855573,1.1418807183008257,-0.9909742579130898,3.699837725867246,-0.13194363817695845,-0.14691047014813446,4.6,0.9030899869919435,1,1,207.3497402,-12.2849182,48.1527,324.42967,-0.9542,209.76904,1.0786380383696725,-1.337242168318426,-0.046,1.0079183906455988,0.9841220828611101,0.9825877907016625,1.043566603822077,-2.214670164989233,-0.0061,0,0,0,0,0,0,2.8051030454693255,1.4421731893130671
K2-113 b,3.0711452904510828,1.0180498177185866,0.7647444544200781,-1.2533658010624211,3.7502769151539925,0.003029470553617962,0.019946681678842306,4.4,0.7708520116421442,1,1,19.4493823,6.8688469,-55.40924,134.5097,-1.24747,20.54224,1.138113146487167,-1.0362121726544447,-0.092,1.0915614481449725,1.0791088576014363,1.0773315611289904,1.1143473922428708,-2.1191864077192086,-0.0076,1,0,0,0,0,0,3.0701665822442266,2.5024273364126715
K2-115 b,2.833784374656479,1.096841736548831,1.3069187487352134,-0.8642314854321778,3.7450747915820575,-0.08039897621588903,-0.05502409158795209,4.461,1.0293837776852097,1,1,126.5535002,12.281851,26.5165,212.27401,-6.7221,125.86771,1.12852850379744,-0.9430951486635274,-0.114,1.0830724122845354,1.0704073217401198,1.069075809766398,1.105380728690758,-2.214670164989233,-0.0061,0,0,0,0,0,0,2.832911914223773,1.553408664330855
K2-136 b,2.785329835010767,0.006037954997317177,0.901741582990317,-1.1505805862031007,3.6532125137753435,-0.12959609472097294,-0.16941133131485567,4.68,-0.18708664335714442,2,3,67.4128615,22.8825674,-17.35063,174.77536,1.05393,69.26876,1.045362102653348,-1.2441251443275085,-0.057,0.9588504516796784,0.9292145037373939,0.9226216715231991,1.0051461795671321,-2.221848749616356,-0.006,6,0,0,0,0,0,2.8270305669390683,1.5298832751920382
K2-208 b,3.0499928569201424,0.22391671974876698,0.6223145520576361,-1.3117582040222882,3.7403626894942437,-0.05502409158795209,-0.05948351506743278,4.503,0.785329835010767,1,1,20.7789809,0.8890076,-60.96448,139.4218,-7.28846,19.52754,1.0995770609167084,-1.0362121726544447,-0.092,1.0478198278165933,1.0343877835895665,1.0312468362326752,1.0731058749689708,-2.193820026016113,-0.0064,0,0,0,0,0,0,3.0497334596912737,2.4206948462008597
K2-233 c,2.862131379313037,0.125481265700594,0.8488920432831631,-1.1747686768000998,3.694605198933569,-0.09691001300805639,-0.12784372725170717,4.71,-0.44369749923271273,1,3,230.4799011,-20.2317975,30.24863,344.46401,-1.68296,233.31618,1.0367486291722021,-1.853871964321762,-0.014,0.9526955995869167,0.9294700161774895,0.9229848157088828,0.991779669753309,-2.221848749616356,-0.006,2,0,0,0,0,0,2.9013010994273674,1.826965405145234
K2-237 b,3.2619761913978125,1.2094339684347948,0.33856313964828466,-1.4487940562520938,3.803457115648414,0.10140335055533072,0.10071508657308159,4.339,0.00860017176191757,1,1,253.7688479,-28.7105836,9.23357,353.87129,-6.07195,255.72373,1.0645328611315783,-1.4685210829577449,-0.034,1.0215200641140327,1.0114858599994059,1.0093233933810135,1.0439788919660908,-2.207608310501746,-0.0062,1,0,0,0,0,0,3.2614451127806037,3.26754145855818
K2-33 b,2.929418925714293,0.7604224834232121,0.7344101494525855,-1.3882766919926581,3.5327543789924976,-0.5086383061657274,0.04139268515822508,3.84,-2.1249387366083,1,1,242.5613635,-19.3193831,23.10048,354.42038,1.6971,244.20822,1.199700338629511,-0.8996294548824371,-0.126,1.045127306568027,1.0141843975012796,1.001127700277035,1.1135924342585413,-2.207608310501746,-0.0062,0,0,0,0,0,0,2.9308224932875415,1.945050980585931
K2-36 b,3.087781417809542,0.1553360374650618,0.15308707829183965,-1.6516951369518393,3.6916118742144164,-0.10237290870955855,-0.14387555575769967,4.621,0.146128035678238,1,2,169.4490102,3.8665038,57.73789,254.97594,-0.61901,168.78339,1.0691498898487786,-1.431798275933005,-0.037,1.0014740966917328,0.9799578933406655,0.9756156439045361,1.0379361959167142,-2.207608310501746,-0.0062,1,0,0,0,0,0,3.128755090531089,2.736781369560119
KELT-20 b,3.3541084391474008,1.3120179588950809,0.5408446903799956,-1.2441251443275085,3.9532763366673045,0.2764618041732441,0.2041199826559248,4.31,-0.6989700043360187,1,1,294.6614126,31.2192001,4.62728,65.80767,51.69211,305.1407,0.8802417758954804,-1.5228787452803376,-0.03,0.8706379632108057,0.8719230318823734,0.8701111553644009,0.8780711823468217,-2.214670164989233,-0.0061,0,1,0,0,3,0,3.3606323258786235,3.664290310950258
KOI-217 b,3.011993114659257,1.0681858617461617,0.5916300465329603,-1.3279021420642825,3.7478000908643687,-0.03479829897408793,-0.08618614761628333,4.58,-0.3979400086720376,1,1,294.8654667,46.2858128,11.6333,79.29221,65.86127,315.27706,1.18346914623151,-1.1611509092627446,-0.069,1.1438575755939568,1.1319392952104246,1.1293353529164891,1.1637187991535616,-2.1249387366083,-0.0075,1,0,0,0,0,0,3.0518915138079707,2.4293270626676473
KOI-351 h,2.4653828514484184,0.9912260756924949,2.5206708350628393,-0.00877392430750515,3.801403710017355,0.05690485133647256,0.029383777685209667,4.43,-0.27572413039921095,1,8,284.4334642,49.3051239,19.25567,79.26947,71.22769,300.32939,1.142483323659504,-1.1611509092627446,-0.069,1.106870544478654,1.0979857299847835,1.096284178244864,1.1251428070619935,-2.0861861476162833,-0.0082,1,0,0,0,0,0,2.5037159867333147,0.23662495436902375
Kepler-1001 b,2.8407332346118066,0.4623979978989561,1.1554939340244827,-0.9430951486635274,3.7584576886104655,-0.018181392829336417,-0.07058107428570728,4.56,-0.2218487496163564,1,2,286.2739151,48.6186972,17.88434,79.03209,70.19189,303.135,1.1926232000129464,-0.8996294548824371,-0.126,1.149496233465742,1.137290798522468,1.1355142809987864,1.1707133814622153,-2.1870866433571443,-0.0065,1,0,0,0,0,0,2.877948151518978,1.7335536135116767
Kepler-1010 b,2.690196080028514,0.38021124171160603,1.5348822947108338,-0.7189666327522725,3.7241939195143297,-0.10017949757290372,-0.07572071393811836,4.49,1.1205739312058498,1,1,289.1926026,44.1493165,14.30978,75.54157,65.31347,304.38332,1.1750476995261674,-0.7375489102695706,-0.183,1.1236230047512743,1.1098484207561055,1.106224904896799,1.1499577088910595,-2.161150909262745,-0.0069,1,0,0,0,0,0,2.729050304641009,1.1379622259998001
Kepler-1023 b,2.6009728956867484,0.43136376415898736,1.7933726467103397,-0.5346171485515817,3.735119634081872,-0.06752623532284678,-0.09151498112135022,4.55,0.724275869600789,1,1,289.0297232,49.7697034,16.63901,80.85082,70.61759,309.38269,1.167674668194444,-1.3381873144627388,-0.0459,1.1219863790508384,1.1104886998366694,1.1059187402863726,1.1451000237024307,-2.1739251972991736,-0.0067,1,0,0,0,0,0,2.63990414351659,0.7813775815021247
Kepler-1027 b,3.2704459080179626,0.33845649360460484,0.2805348021639971,-1.5228787452803376,3.743352951409556,0.0008677215312269133,0.24303804868629444,3.95,0.9912260756924949,2,1,287.5711746,42.8138159,14.84869,73.78894,64.38493,300.80981,1.11374286242935,-1.0969100130080565,-0.08,1.062281069972644,1.0503797562614579,1.0460657302306877,1.090741117596024,-2.154901959985743,-0.007,2,0,0,0,0,0,3.309544774112474,3.4599401038856605
Kepler-1043 b,2.733999286538387,0.3979400086720376,1.5855192707149957,-0.645891560852599,3.779380011491656,0.017867718963505686,-0.026872146400301365,4.51,-0.3979400086720376,1,1,281.6629579,47.5685927,20.43192,76.89006,70.05528,293.56508,1.1746121418907194,-0.7644715530924511,-0.172,1.1336666232606845,1.1204752166965253,1.1204093945560685,1.1551203551883504,-2.193820026016113,-0.0064,1,0,0,0,0,0,2.772123144437407,1.3102535851853923
Kepler-1052 b,2.724275869600789,0.4329692908744057,1.542244278317391,-0.6819366650372385,3.766115283221414,-0.005682847330363273,-0.05551732784983137,4.54,-0.3979400086720376,1,2,295.34273,46.6022134,11.487,79.73343,66.01318,316.33249,1.174117981254267,-1.0362121726544447,-0.092,1.1375756336820408,1.126877868835267,1.1240148788874076,1.157659210368043,-2.0809219076239263,-0.0083,1,0,0,0,0,0,2.7625583775347198,1.2719945175746439
Kepler-1055 b,3.115943176939055,0.11727129565576427,0.3607876099571879,-1.4685210829577449,3.762078087334639,-0.017728766960431602,-0.05060999335508721,4.52,0.3424226808222063,1,1,290.4867838,44.932541,13.79347,76.66971,65.75318,307.1056,1.120376479744434,-1.0362121726544447,-0.092,1.077585906367243,1.0655050230983902,1.0632958210735204,1.1004773822051188,-2.0861861476162833,-0.0082,1,0,0,0,0,0,3.15426705785557,2.8388292388580454
Kepler-1064 b,2.7481880270062002,0.17897694729316943,1.2185593986329202,-0.9244530386074693,3.713994267660644,-0.0893755951107988,-0.14874165128092473,4.64,-0.045757490560675115,1,1,291.7415821,37.6888103,9.78974,70.42692,58.57345,304.2037,1.1448231939898939,-1.0362121726544447,-0.092,1.0909630765957317,1.0751087964165,1.0725072355288041,1.1198264333821168,-2.221848749616356,-0.006,1,0,0,0,0,0,2.7850833870435183,1.3620945556098387
Kepler-1071 b,2.88930170250631,0.24054924828259971,0.7909893886522991,-1.214670164989233,3.7120601424610746,-0.09258863922541381,-0.14874165128092473,4.64,-0.045757490560675115,1,1,293.0579794,45.2487472,12.29145,77.7651,65.40082,311.48049,1.2008778457490257,-0.8996294548824371,-0.126,1.1574869893848487,1.145196406114182,1.1390916075238227,1.1828139512573659,-2.1023729087095586,-0.0079,1,0,0,0,0,0,2.928257825034831,1.9347923075750892
Kepler-1074 b,2.754348335711019,0.04921802267018165,0.7742013854256231,-1.275724130399211,3.6105537053170944,-0.2572748686953017,-0.27736607746618774,4.74,1.1430148002540952,1,1,284.4766869,46.2526781,18.18179,76.25233,68.29605,297.86367,1.1930967580722698,-1.0362121726544447,-0.092,1.109780968013576,1.0867512312420566,1.0818152006322799,1.1481150336596446,-2.132903913133603,-0.0073637,1,0,0,0,0,0,2.7929661575032085,1.3936256374485985
Kepler-1076 b,2.8555191556678,-0.08092190762392612,0.7886853264626709,-1.2365720064370627,3.680335513414563,-0.16304326294044955,-0.17587416608345102,4.63,1.1430148002540952,1,1,287.5902594,51.0606047,17.97109,81.74767,72.1646,308.32212,1.1197506238845842,-0.9430951486635274,-0.114,1.0532705666813784,1.0330616925381735,1.0279201364058028,1.0901804304091793,-2.1804560644581312,-0.0066,1,0,0,0,0,0,2.8939178593109713,1.79743244467965
Kepler-1087 b,3.290034611362518,-0.1804560644581313,-0.15873309294453997,-1.853871964321762,3.735119634081872,-0.08565684288055925,-0.03151705144606486,4.42,1.146128035678238,1,1,294.9789253,46.0056741,11.4348,79.07509,65.57342,315.17395,1.1130404180878204,-1.2441251443275085,-0.057,1.0666985504229953,1.0535393964528241,1.049721822152435,1.0926434611005253,-2.0409586076789066,-0.0091,1,0,0,0,0,0,3.329530516239323,3.5398830723930557
Kepler-110 b,2.99563519459755,0.47856649559384334,1.1035009771794453,-0.9625735020593764,3.7707783961691477,0.028164419424469872,0.19865708695442263,4.07,0.8573324964312685,1,2,292.9291693,48.6028303,13.83649,80.82269,68.51286,314.69173,1.1140435625480773,-0.9871627752948278,-0.103,1.0762398197750254,1.0666240509834262,1.0653182378037371,1.0970732770415368,-2.1804560644581312,-0.0066,1,0,0,0,0,0,3.0346271163956495,2.3602694730183624
Kepler-110 c,2.8639173769578603,0.5550944485783191,1.5013313987465011,-0.6989700043360187,3.7707783961691477,0.028164419424469872,0.19865708695442263,4.07,0.8573324964312685,1,2,292.9291693,48.6028303,13.83649,80.82269,68.51286,314.69173,1.1140435625480773,-0.9871627752948278,-0.103,1.0762398197750254,1.0666240509834262,1.0653182378037371,1.0970732770415368,-2.1804560644581312,-0.0066,1,0,0,0,0,0,2.902825367533971,1.833062477571647
Kepler-1115 b,3.132579847659737,0.38021124171160603,1.3720902991259736,-0.6777807052660807,3.981274832706589,0.3463529744506387,0.3424226808222063,4.11,-0.3391345219961308,1,1,294.9917723,40.1443964,8.68466,73.81762,60.12504,310.41503,1.0785655593171173,-1.4685210829577449,-0.034,1.063183187967576,1.0627699498151282,1.0611507809285488,1.071778942149663,-2.050609993355087,-0.0089,1,0,0,0,0,0,3.1746099514703348,2.9202008133171033
Kepler-1122 b,2.6711728427150834,0.3096301674258988,1.6252405085475936,-0.6345120151091003,3.7512020945883533,-0.03151705144606486,-0.08618614761628333,4.57,-0.3010299956639812,1,1,288.2805801,46.3408747,15.77372,77.35651,67.59521,304.61723,1.1876617026529595,-1.4559319556497243,-0.035,1.1421390801321352,1.1309124421074745,1.1260989232886043,1.1643558303939892,-2.1307682802690238,-0.0074,1,0,0,0,0,0,2.708598454054364,1.0561548236532203
Kepler-1131 b,3.0681858617461617,0.146128035678238,0.5480565977217758,-1.337242168318426,3.7741518589547103,0.009025742086910208,-0.036212172654444715,4.52,-0.5228787452803376,1,1,295.6514492,49.2612954,12.52682,82.24447,68.30725,319.84196,1.1763806922432705,-0.44977164694490596,-0.355,1.1396902216529228,1.130333768495006,1.1276230495980293,1.160237366117319,-2.154901959985743,-0.007,1,0,0,0,0,0,3.107900282506303,2.6533621374609777
Kepler-1132 b,2.5774917998372255,0.34044411484011833,1.7985871191899205,-0.5316526695878427,3.728678366850914,-0.0660068361687577,-0.11918640771920865,4.62,-0.2218487496163564,1,1,286.3675188,48.4238906,17.75645,78.86456,69.98752,303.1192,1.1991515712050889,-0.9871627752948278,-0.103,1.1512778939041228,1.139595758469972,1.134591434710877,1.173742624958164,-2.1307682802690238,-0.0074,1,0,0,0,0,0,2.618144923504833,0.6943407014550972
Kepler-1139 b,3.1950689964685903,0.01703333929878037,-0.08981309766118599,-1.7958800173440752,3.7204074008031087,-0.07935499859321243,-0.1366771398795441,4.63,-0.1549019599857432,1,1,287.9455985,39.2305281,13.13621,70.5319,60.85443,299.33977,1.1531743793715339,-0.7958800173440752,-0.16,1.105442054801695,1.0916669575956846,1.0912799642288376,1.1327046453852723,-2.0861861476162833,-0.0082,1,0,0,0,0,0,3.2332422652549764,3.15473006845567
Kepler-1143 b,2.9867717342662448,0.1553360374650618,0.4607279989044434,-1.4436974992327127,3.694429690957083,-0.14266750356873156,-0.14813039927023372,4.59,1.1430148002540952,1,2,287.302772,39.2896399,13.61425,70.37703,61.03513,298.37709,1.1901355208770308,-0.7958800173440752,-0.16,1.1360543495510556,1.1188927253736216,1.1164416975393119,1.163486377642481,-2.0177287669604316,-0.0096,1,0,0,0,0,0,3.025446666657925,2.3235476740674637
Kepler-1149 b,3.0437551269686796,0.14301480025409505,0.5718167516387023,-1.3279021420642825,3.7641761323903307,-0.008330992620051497,-0.05551732784983137,4.54,-0.3979400086720376,1,1,294.1891824,45.1515263,11.53556,78.04201,65.00794,313.15044,1.180297952488594,-1.337242168318426,-0.046,1.1379551235323606,1.1274935447567824,1.1238842934600077,1.1593084643424107,-2.070581074285707,-0.0085,1,0,0,0,0,0,3.083601965217159,2.5561688683043986
Kepler-1157 b,2.863322860120456,-0.05060999335508721,0.6490773216924689,-1.337242168318426,3.6574383227029625,-0.19517932127883766,-0.21467016498923297,4.67,1.1398790864012365,1,1,283.1209268,43.5255701,18.12442,73.21026,65.88614,293.75421,1.1644420852095163,-0.619788758288394,-0.24,1.103221992452924,1.0832158621559975,1.079723775139919,1.136149586088531,-2.214670164989233,-0.0061,1,0,0,0,0,0,2.901957750087161,1.8295920077844092
Kepler-1168 b,2.569373909615046,0.3424226808222063,1.7468116163527503,-0.5734887386354247,3.7125655278733083,-0.09097914578884395,-0.14874165128092473,4.64,-0.2218487496163564,1,1,287.2977834,47.455488,16.82074,78.16154,68.86834,303.89135,1.1974184075100185,-0.8632794328435932,-0.137,1.1506336537464283,1.1389654782898269,1.1362765356602922,1.176548475151727,-2.154901959985743,-0.007,1,0,0,0,0,0,2.6081724972701608,0.6544509965164069
Kepler-1171 b,3.4385423487861106,0.4913616938342727,0.1591445129175507,-1.5228787452803376,3.858657484090808,0.21748394421390627,0.34830486304816066,3.96,0.1643528557844371,1,1,294.9589285,38.5915968,7.96784,72.42526,58.66761,309.36113,1.066214075471244,-1.7958800173440752,-0.016,1.0315296458034229,1.0247729130796317,1.0231289460104958,1.0481309270289674,-2.0315170514460648,-0.0093,1,0,0,0,0,0,3.477482713974659,4.131691863334401
Kepler-1200 b,3.050379756261458,0.004321373782642578,0.04865811999699741,-1.744727494896694,3.6483600109809315,-0.20690839982341983,-0.2298847052128984,4.69,1.1238516409670858,1,1,296.6034317,44.1292537,9.53918,77.94098,63.39416,315.86195,1.205745540942662,-0.7375489102695706,-0.183,1.1448854182871424,1.1264236537373384,1.1206397284155665,1.1768838466328226,-1.9956786262173574,-0.0101,1,0,0,0,0,0,3.0890148315424315,2.5778203336054912
Kepler-1218 b,2.877371345869774,0.1673173347481761,1.3602661495476587,-0.7851561519523022,3.798097932062486,0.04921802267018165,0.08635983067474821,4.32,0.4927603890268375,1,1,291.5788505,44.5316825,12.92087,76.63511,65.11031,308.52717,1.137670537236755,-1.1611509092627446,-0.069,1.0969447551769405,1.0873199122064008,1.0855403060369477,1.1182184165165974,-2.070581074285707,-0.0085,1,0,0,0,0,0,2.9170893490956136,1.8901184038182182
Kepler-1224 b,2.932473764677153,0.05690485133647256,1.1246204450050608,-0.9430951486635274,3.7987887139512493,0.05307844348341968,0.03342375548694973,4.42,0.045322978786657475,1,1,286.6257591,37.537313,13.3833,68.50921,59.45555,296.51119,1.111464151586654,-1.1611509092627446,-0.069,1.0752183791115353,1.0657663876227488,1.064008486531724,1.094467634705773,-2.1487416512809245,-0.0071,1,0,0,0,0,0,2.9702815917460903,2.1028873744201246
Kepler-1231 b,2.8965262174895554,0.10380372095595687,1.0177547543646932,-1.031517051446065,3.7646990637983677,-0.00877392430750515,-0.05551732784983137,4.54,-0.3010299956639812,1,1,288.5882888,42.6056644,14.08078,73.90304,63.97349,302.31998,1.1704964057448477,-0.8996294548824371,-0.126,1.1319392952104246,1.1218223767521849,1.1197506238845842,1.1530705929014728,-2.207608310501746,-0.0062,1,0,0,0,0,0,2.935932351316087,1.9654904127001118
Kepler-1262 b,2.8796692056320534,0.25527250510330607,1.239511693391523,-0.8728952016351923,3.78632543439007,0.021189299069938092,0.02530586526477026,4.41,0.4623979978989561,1,1,288.7718287,42.2131694,13.79639,73.59131,63.5586,302.35762,1.180555940703641,-0.9393021596463883,-0.115,1.1479544309308205,1.1373224561003443,1.1344639915342885,1.1676126727275302,-2.1739251972991736,-0.0067,1,0,0,0,0,0,2.9186593935596536,1.896398581674379
Kepler-1268 b,2.7701152947871015,0.2764618041732441,1.6126673230547415,-0.6126101736612706,3.80188370712524,0.06069784035361165,0.03342375548694973,4.43,-0.24412514432750865,1,1,287.838419,43.1531776,14.80444,74.19149,64.65562,301.46777,1.1898831626469175,-1.1611509092627446,-0.069,1.1508485066695229,1.143295907124072,1.1387446639488925,1.1698918207233893,-2.193820026016113,-0.0064,1,0,0,0,0,0,2.808134097418952,1.4542973971115725
Kepler-1284 b,3.204933522354145,0.08278537031645007,-0.1777784219865457,-1.853871964321762,3.707314633588708,-0.10679324694015198,-0.14874165128092473,4.63,0.6232492903979004,1,1,291.2789549,47.6875766,14.44622,79.48676,68.12233,310.9627,1.2017247701163791,-0.8996294548824371,-0.126,1.151124590050682,1.1383974429905461,1.13264385097308,1.1774903266334944,-2.1804560644581312,-0.0066,1,0,0,0,0,0,3.243113215828729,3.1942138707506804
Kepler-1287 b,2.912753303671323,0.146128035678238,1.0598227055411316,-0.9956786262173574,3.780821175853473,0.01870049866624337,-0.022276394711152253,4.5,-0.2218487496163564,1,1,289.1346298,47.063018,15.51923,78.28521,68.07669,306.72587,1.1823004995933386,-1.4559319556497243,-0.035,1.1437952038457666,1.1316186643491255,1.1304945885234696,1.162668935255393,-2.207608310501746,-0.0062,1,0,0,0,0,0,2.950755717326178,2.0247838767404756
Kepler-1341 b,2.361727836017593,0.28555730900777376,2.123836946544295,-0.3516399890190684,3.656577291396114,-0.17848647159522685,-0.23210238398190938,4.72,0.0,2,1,280.5116813,44.1593503,20.10976,73.17245,66.88924,289.47416,1.1862781034453673,-0.8632794328435932,-0.137,1.1233615587462964,1.106598813212537,1.1016096172331113,1.1558125887323756,-2.1739251972991736,-0.0067,2,0,0,0,0,0,2.3995795196342957,-0.17992091402705204
Kepler-1345 b,2.841359470454855,0.4623979978989561,1.6495033829049488,-0.5686362358410126,3.8308451923086113,0.11727129565576427,0.1643528557844371,4.23,0.250420002308894,1,1,292.4779428,46.022821,12.99564,78.29545,66.27059,311.27364,1.1390916075238227,-0.7644715530924511,-0.172,1.1072778228597715,1.099507993727965,1.0990933597730996,1.1254682529368991,-2.1249387366083,-0.0075,1,0,0,0,0,0,2.8805731638409386,1.7440536627995191
Kepler-1351 b,3.0696680969115957,-0.22914798835785583,-0.038038628566641225,-1.7958800173440752,3.6444385894678386,-0.21253952548158497,-0.23433144524098595,4.69,1.1430148002540952,1,1,293.6084289,42.1978746,10.56275,75.16841,62.41036,309.8336,1.1561855728409751,-0.9871627752948278,-0.103,1.0872488677956578,1.0634459531230331,1.0595634179012676,1.1251135049674927,-2.214670164989233,-0.0061,1,0,0,0,0,0,3.1084463012389856,2.655546212391706
Kepler-1358 b,2.9242792860618816,0.146128035678238,0.848999105814338,-1.1739251972991736,3.7257483329955483,-0.09908693226233094,-0.06550154875643228,4.47,1.146128035678238,1,1,286.1705469,43.0089,15.86929,73.56001,64.84905,298.62754,1.1671104785966573,-0.9871627752948278,-0.103,1.1212314551496214,1.1058847086692332,1.1022964661536014,1.1456686815245143,-2.1870866433571443,-0.0065,1,0,0,0,0,0,2.9631935829865212,2.074535339381849
Kepler-1363 b,2.971739590887778,0.07188200730612536,0.4686335159300547,-1.4436974992327127,3.6869042695681773,-0.15366288787019475,-0.16304326294044955,4.61,1.1430148002540952,1,1,296.9964872,49.2563228,11.74736,82.65749,67.88778,321.90936,1.1890409079090098,-1.2441251443275085,-0.057,1.1356096360286794,1.1181985680450368,1.1125714898649794,1.1650632086416246,-2.2006594505464183,-0.0063,1,0,0,0,0,0,3.010464813433911,2.26362026117141
Kepler-137 c,2.775974331129369,0.3443922736851107,1.2726704105494544,-0.8728952016351923,3.7281913985899466,-0.04191415147891488,-0.06651271215129456,4.53,0.6434526764861874,1,2,282.1355875,43.0391951,18.62824,72.46721,65.56252,291.79859,1.1160429268492063,-0.9871627752948278,-0.103,1.0663259253620379,1.0503410818340844,1.0478587274074567,1.0937052849081585,-2.167491087293764,-0.0068,1,0,0,0,0,0,2.814616069051498,1.4802252836417562
Kepler-1376 b,3.0136796972911926,0.02530586526477026,0.7249942373693985,-1.2291479883578558,3.7693773260761385,-0.00877392430750515,-0.03151705144606486,4.49,0.43136376415898736,1,1,286.9584368,42.541409,15.15491,73.34563,64.24552,299.63855,1.1700268981511166,-0.7099653886374819,-0.195,1.12852850379744,1.119420863442087,1.1163420391883403,1.1515782125693867,-2.1804560644581312,-0.0066,1,0,0,0,0,0,3.0514262202516362,2.4274658884423093
Kepler-1387 b,3.03261876085072,-0.045757490560675115,0.3578458837124337,-1.5228787452803376,3.696967640744023,-0.1366771398795441,-0.14266750356873156,4.58,1.146128035678238,1,1,292.4403029,43.2093456,11.78455,75.69521,63.65494,308.82067,1.1681142868195318,-1.337242168318426,-0.046,1.115943176939055,1.0993352776859577,1.0973961506415024,1.1447329529201415,-2.1487416512809245,-0.0071,1,0,0,0,0,0,3.0703066873194285,2.502987756713478
Kepler-139 d,2.9894498176666917,0.33243845991560533,0.8636609427580458,-1.1191864077192086,3.749890841271422,0.03502928220236815,0.07188200730612536,4.33,0.7075701760979364,1,5,282.3919451,43.8894167,18.74477,73.37771,66.35565,292.67842,1.1063609088067503,-1.0362121726544447,-0.092,1.061829307294699,1.0500702643674384,1.0479365161380791,1.0863384714045043,-2.193820026016113,-0.0064,0,0,0,0,0,0,3.028658474503691,2.336394905450529
Kepler-142 c,3.0629578340845103,0.42975228000240795,0.6777617565844668,-1.2596373105057561,3.759214431234244,-0.005243055412371883,0.05690485133647256,4.32,0.9138138523837167,1,3,295.1190067,48.4813635,12.48273,81.36992,67.77288,318.05716,1.1230999552555743,-1.0969100130080565,-0.08,1.0824981385057795,1.0719188103638062,1.0704811750660188,1.1055135909878469,-2.221848749616356,-0.006,1,0,0,0,0,0,3.1007189378749604,2.6246367589356066
Kepler-145 c,2.864511081058392,0.6354837468149122,1.6322806026642158,-0.583359492661719,3.7797407511767407,0.10720996964786837,0.2966651902615311,3.95,0.6242820958356683,1,2,291.3877397,44.5290465,13.04277,76.5726,65.15504,308.22108,1.078348049555357,-1.4685210829577449,-0.034,1.0379441552030986,1.0290995668235428,1.02645154573824,1.0601423436009594,-2.0809219076239263,-0.0083,1,0,0,0,0,0,2.902986518357968,1.8337070808676361
Kepler-149 b,2.845098040014257,0.8591382972945308,1.4653668774466493,-0.744727494896694,3.729407796963068,-0.041436116778032536,0.19865708695442263,4.0,1.146128035678238,1,3,285.8537014,38.3840916,14.28192,69.05421,60.41635,295.70172,1.1508178199016668,-0.9430951486635274,-0.114,1.1035984939779377,1.088986118947913,1.0857898903279861,1.1298831553406212,-1.9136401693252518,-0.0122,1,0,0,0,0,0,2.8843335136082286,1.7590950618686791
Kepler-149 c,2.7535830588929064,0.424881636631067,1.7429488963021096,-0.5606673061697374,3.729407796963068,-0.041436116778032536,0.19865708695442263,4.0,1.146128035678238,1,3,285.8537014,38.3840916,14.28192,69.05421,60.41635,295.70172,1.1508178199016668,-0.9430951486635274,-0.114,1.1035984939779377,1.088986118947913,1.0857898903279861,1.1298831553406212,-1.9136401693252518,-0.0122,1,0,0,0,0,0,2.7923034192447505,1.390974684414766
Kepler-150 d,2.887617300335736,0.4623979978989561,1.0990211038647422,-0.978810700930062,3.767526899408382,-0.01322826573375516,-0.026872146400301365,4.48,0.5440680443502757,1,5,288.2341025,40.520897,13.46754,71.83343,62.04371,300.4854,1.1807278477445067,-0.5985994592184559,-0.252,1.1404137575910742,1.1278172344802733,1.126033948051813,1.1606065710044444,-2.1023729087095586,-0.0079,1,0,0,0,0,0,2.9267296023928644,1.9286794170072223
Kepler-155 b,2.788168371141168,0.2380461031287954,0.7731420121977326,-1.279014255846261,3.6082050077043264,-0.266000713461613,-0.2765443279648142,4.721,0.4623979978989561,1,2,288.4957831,51.0819286,17.44949,81.98736,71.95655,310.04296,1.1659561872029867,-0.7375489102695706,-0.183,1.0980550396692432,1.0751087964165,1.072065991414746,1.1312335945896854,-2.214670164989233,-0.0061,1,0,0,0,0,0,2.792673397364652,1.3924545968943718
Kepler-157 d,2.9745116927373285,0.18184358794477254,0.8466934956512497,-1.1426675035687315,3.7759015788916743,0.011993114659256938,-0.036212172654444715,4.52,-0.5228787452803376,1,3,291.0972257,38.8756049,10.77283,71.27591,59.85499,303.91429,1.1524718103360363,-0.8996294548824371,-0.126,1.1119007128656142,1.1013001804676847,1.0994389155535067,1.1330212786466525,-2.1079053973095196,-0.0078,1,0,0,0,0,0,3.01236267006842,2.2712116877094446
Kepler-160 b,3.037824750588342,0.22010808804005508,0.6344173112152723,-1.2839966563652008,3.770041554319669,-0.0030507515046188267,-0.036212172654444715,4.51,0.2041199826559248,1,3,287.773573,42.8692755,14.73466,73.9027,64.39672,301.17534,1.1707309693378591,-0.7958800173440752,-0.16,1.129045059887958,1.1173044466410025,1.1156770651158372,1.150206701880168,-2.1739251972991736,-0.0067,1,0,0,0,0,0,3.077167221894649,2.53042989501436
Kepler-162 c,2.833784374656479,0.5185139398778874,1.2888372717006864,-0.8569851997459049,3.7662640906519957,-0.02090709936167361,-0.00877392430750515,4.44,0.7481880270062004,1,2,297.2789115,43.7239693,8.91719,77.82088,62.82858,316.49147,1.1568821644393765,-1.2441251443275085,-0.057,1.1153108949104995,1.1040772061551098,1.1023650913385277,1.137430074607128,-1.978810700930062,-0.0105,1,0,0,0,0,0,2.8736031540907976,1.716173623798955
Kepler-1650 b,2.8887409606828927,0.18752072083646307,0.1870022191619822,-1.6777807052660807,3.5650209283452936,-0.3124710387853657,-0.3196644865854368,4.76,1.1430148002540952,1,1,297.7292296,42.8666919,8.2103,77.22891,61.9116,316.40806,1.2322335211147337,-0.6989700043360187,-0.2,1.113609151073028,1.0947505524775045,1.086324231307385,1.1620772695929498,-2.1326327001711163,-0.0073683,1,0,0,0,0,0,2.927312463405218,1.9310108610566363
Kepler-1656 b,2.813580988568192,0.7007037171450193,1.4993936835802633,-0.7055337738384071,3.7582304084577496,0.012837224705172217,0.04139268515822508,4.37,0.8000293592441343,1,2,284.4722473,39.911889,15.86374,70.07924,62.13985,294.21316,1.0659529803138696,-1.7695510786217261,-0.017,1.0019931738235304,0.9874428049358013,0.9840770339028309,1.0257726857075877,-2.214670164989233,-0.0061,0,0,0,0,0,0,2.814927063675668,1.481469262138436
Kepler-1689 b,2.960946195733831,-0.05060999335508721,0.928546856004946,-1.0861861476162833,3.7777891874348675,0.0073209529227445565,-0.00877392430750515,4.46,0.3979400086720376,1,1,291.5741663,38.6559433,10.34205,71.24425,59.5379,304.49547,1.0873199122064008,-1.0969100130080565,-0.08,1.0439514182632768,1.0326993274926175,1.0296272390474128,1.0673684709152684,-2.221848749616356,-0.006,0,0,0,0,0,0,2.999728724808859,2.2206759066712
Kepler-17 b,3.209783014848515,1.1708482036433094,0.17193441774934873,-1.585026652029182,3.762453482363547,0.04883008652835004,0.020361282647707864,4.45,0.012837224705172217,1,1,298.3952437,47.8149865,10.24166,81.82493,66.17969,322.24844,1.1557610128779234,-0.8632794328435932,-0.137,1.1136760118971,1.1027766148834413,1.0998532198843816,1.1348589437129692,-2.113509274827518,-0.0077,1,0,0,0,0,0,3.248380875421594,3.215284509122141
Kepler-170 c,2.847572659142112,0.5198279937757188,1.2218272080758192,-0.8827287043442357,3.754271868683459,0.03702787975577494,0.014940349792936524,4.45,0.25527250510330607,1,2,284.5211975,41.6296562,16.47671,71.75047,63.8077,295.12194,1.1566702765541264,-0.9871627752948278,-0.103,1.1186945078978379,1.1062929121756575,1.1030164903283153,1.1408033382913982,-2.167491087293764,-0.0068,1,0,0,0,0,0,2.8863398214716476,1.7671202933223549
Kepler-1712 b,2.615950051656401,0.287801729930226,1.1403527125624886,-1.0409586076789064,3.5970366649776535,-0.2740883677049518,-0.29157909986528724,4.75,1.1398790864012365,1,1,284.998698,50.1466922,19.19378,80.2389,71.90828,302.27568,1.17452497792015,-0.826813731587726,-0.149,1.0795068448247676,1.05468964294998,1.0462609801921219,1.12119860258469,-2.1323145357012794,-0.0073737,0,0,0,0,0,0,2.654959844604065,0.8416003858520257
Kepler-1716 b,2.593286067020457,0.33041377334919086,1.5513211544319643,-0.7258421507363202,3.6802448370426077,-0.15428198203334137,-0.18775530319963074,4.66,0.8976270912904415,1,1,297.2717207,43.3330644,8.73059,77.47324,62.47183,316.14343,1.1182316483270274,-1.2441251443275085,-0.057,1.0580082327154026,1.0373069508970914,1.0339462029903608,1.0904379427095812,-2.221848749616356,-0.006,0,0,0,0,0,0,2.6325216865305547,0.7518477535579833
Kepler-172 d,2.859138297294531,0.36172783601759284,1.1651609027003065,-0.9546770212133425,3.74350976472843,-0.07058107428570728,-0.01322826573375516,4.39,1.1038037209559568,1,4,283.3684093,41.821839,17.34751,71.60688,64.18333,293.30282,1.1674059572322921,-1.0969100130080565,-0.08,1.119585774961784,1.110017006792112,1.1069723998866734,1.1465125262557927,-2.161150909262745,-0.0069,1,0,0,0,0,0,2.897467568187826,1.8116312801870675
Kepler-1727 b,2.8785217955012063,0.414973347970818,0.9556543232613495,-1.1023729087095586,3.726808682524964,-0.0893755951107988,-0.08618614761628333,4.52,0.9867717342662449,1,1,290.3336142,38.7282722,11.24254,70.87455,59.88037,302.69408,1.1973081315031024,-0.5800442515102421,-0.263,1.143982292223977,1.1296576733126877,1.1280436738264574,1.1697508255572449,-2.1079053973095196,-0.0078,0,0,0,0,0,0,2.918135488791204,1.89430296260058
Kepler-1732 b,2.760422483423212,0.47712125471966244,1.509357523007592,-0.6989700043360187,3.776192514747072,0.006466042249231681,-0.017728766960431602,4.48,0.3010299956639812,1,1,292.2910129,37.5807686,9.353,70.52957,58.34586,304.9421,1.1727196613494966,-1.0362121726544447,-0.092,1.1330276728998774,1.1222158782728267,1.1207384055429428,1.1533300125865673,-2.1739251972991736,-0.0067,0,0,0,0,0,0,2.800046559154468,1.4219472440536358
Kepler-1736 b,2.7551122663950713,0.33041377334919086,1.5776137987688077,-0.6478174818886375,3.785258633357701,0.02530586526477026,0.004321373782642578,4.46,0.2304489213782739,1,1,289.7766991,38.2622374,11.43245,70.25324,59.54961,301.612,1.1704964057448477,-0.7375489102695706,-0.183,1.1294320741555743,1.1199154102579911,1.116375261179705,1.15067049322578,-2.1426675035687315,-0.0072,0,0,0,0,0,0,2.794561486912943,1.400006955087538
Kepler-1749 b,2.637489729512511,0.09691001300805642,1.1623845582312873,-1.0132282657337552,3.619719265611727,-0.24641694110709345,-0.26760624017703144,4.73,1.1430148002540952,1,1,290.2945805,45.5645196,14.17954,77.20386,66.39335,307.3246,1.1746411926604485,-0.7375489102695706,-0.183,1.1025366068740705,1.0780578669791867,1.072213122603382,1.1422298617331144,-2.1426675035687315,-0.0072,0,0,0,0,0,0,2.6757637041096913,0.9248158238745293
Kepler-1752 b,2.6232492903979003,0.6334684555795865,1.7510011127645728,-0.563837352959244,3.7363965022766426,-0.07058107428570728,-0.08092190762392612,4.53,0.8573324964312685,1,1,290.8541401,51.2227435,16.13825,82.71749,71.45281,314.49755,1.2047953280764279,-1.3381873144627388,-0.0459,1.160558562107558,1.1456314152903277,1.1460970135358695,1.1828795152531437,-2.1870866433571443,-0.0065,0,0,0,0,0,0,2.661087650663904,0.866111610091379
Kepler-1767 b,2.5943925503754266,0.414973347970818,1.7757021752923694,-0.543633966870957,3.733919151012391,-0.05749589383191927,-0.11350927482751812,4.6,-0.2218487496163564,1,1,293.6441248,46.9896696,12.69918,79.54791,66.8457,314.08247,1.2096758345710945,-0.7958800173440752,-0.16,1.1584228065848825,1.1425771609205344,1.1396272484806376,1.1806734178767493,-2.1804560644581312,-0.0066,0,0,0,0,0,0,2.6322149227537124,0.7506206984506151
Kepler-178 c,2.8344207036815328,0.5314789170422551,1.3128709961251455,-0.8507808873446201,3.7538893314598334,-0.05060999335508721,0.021189299069938092,4.34,1.0530784434834197,1,3,287.1010275,46.8964033,16.73486,77.56786,68.38234,303.04887,1.1724861696869349,-0.7099653886374819,-0.195,1.1231980750319988,1.112839510845115,1.1105560427553813,1.148355826449405,-2.193820026016113,-0.0064,1,0,0,0,0,0,2.873107850386715,1.714192408982624
Kepler-1797 b,2.838849090737255,0.3979400086720376,1.3684702356402907,-0.7798919119599449,3.7957410208692437,0.04921802267018165,0.01703333929878037,4.45,-0.3979400086720376,1,1,292.4642406,45.9682799,12.9805,78.2408,66.22367,311.20064,1.1881125371650245,-1.0915149811213503,-0.081,1.1525940779274697,1.1436392352745433,1.1408221801093106,1.1717995610487246,-2.167491087293764,-0.0068,0,0,0,0,0,0,2.8774370722182088,1.7315092963085998
Kepler-1809 b,2.9439888750737717,0.03342375548694973,0.5748766816108516,-1.3665315444204136,3.6962689967455327,-0.1284270644541213,-0.16052195262580163,4.63,0.8450980400142568,1,1,290.2651662,40.5484937,12.07928,72.52602,61.64127,303.64425,1.154454406139564,-0.8239087409443188,-0.15,1.1025023091854522,1.0847906914079053,1.0849335749367162,1.1312945867226278,-2.214670164989233,-0.0061,0,0,0,0,0,0,2.982507218362441,2.1517898808855285
Kepler-1811 b,2.6424645202421213,0.4623979978989561,1.883230333007087,-0.44369749923271273,3.7840464158081133,0.026124516745450282,-0.01322826573375516,4.49,-0.3979400086720376,1,1,289.9793241,40.1427848,12.10156,72.05562,61.31501,302.96362,1.185457157401926,-0.7099653886374819,-0.195,1.1467480136306398,1.1340814374625117,1.1337304666245487,1.1665633125813006,-2.1307682802690238,-0.0074,0,0,0,0,0,0,2.6825144582771943,0.9518188405445424
Kepler-1841 b,2.760422483423212,0.250420002308894,1.413114940002353,-0.790484985457369,3.7399676967595092,-0.07417242537525769,-0.036212172654444715,4.44,1.0644579892269184,1,1,287.7069031,40.6852161,13.89999,71.81906,62.30749,299.75058,1.1718726561396828,-0.6861327796308466,-0.206,1.12205196263325,1.1080912355812202,1.1053398398052863,1.1459729028021812,-2.193820026016113,-0.0064,0,0,0,0,0,0,2.800337528880574,1.4231111229580597
Kepler-1867 b,2.8887409606828927,-0.1549019599857432,0.995083861082423,-1.0506099933550872,3.755722444903458,-0.022276394711152253,-0.07572071393811836,4.56,-0.3010299956639812,1,1,294.9971007,43.4358698,10.23146,76.76315,63.20117,312.8856,1.1319072427743864,-1.2441251443275085,-0.057,1.0901522005973878,1.0774769195043423,1.075437461585613,1.1125178658144224,-2.214670164989233,-0.0061,0,0,0,0,0,0,2.9264005103315447,1.9273630487619438
Kepler-1869 b,3.095518042323151,0.42160392686983106,0.9120803694329542,-1.0861861476162833,3.7636525705645303,0.049992856920142645,0.287801729930226,3.91,0.7993405494535817,1,2,292.6149958,42.7643438,11.47224,75.34626,63.19303,308.75037,1.0132586652835165,-2.3010299956639813,-0.005,0.9567445452826909,0.9425536803342098,0.9391696796251774,0.9846308116121963,-2.214670164989233,-0.0061,0,0,0,0,0,0,3.1338799350573874,2.757280747665314
Kepler-1873 b,3.226342087163631,0.07554696139253074,-0.25271204973850925,-1.9208187539523751,3.702947246181556,-0.10679324694015198,-0.16115090926274472,4.66,0.0,1,1,294.596557,46.0483705,11.69033,78.98964,65.71984,314.62701,1.201096565039467,-1.2365720064370627,-0.058,1.1507257465861944,1.135959092124557,1.132547842465581,1.175682830251066,-2.0809219076239263,-0.0083,0,0,0,0,0,0,3.2660145942459735,3.285819384419658
Kepler-1874 b,2.503790683057181,0.3096301674258988,1.752614736674924,-0.6038006529042637,3.66162340922923,-0.1890957193312996,-0.208309350979882,4.67,1.1398790864012365,1,1,286.3718158,43.692081,15.99548,74.27465,65.46891,299.39496,1.188478495913935,-0.6635402661514705,-0.217,1.1202777203393688,1.1008183957315365,1.0959709223437146,1.1540037794458233,-2.167491087293764,-0.0068,0,0,0,0,0,0,2.542602485911023,0.39217095107985706
Kepler-189 c,2.725094521081469,0.40312052117581787,1.3039501241015543,-0.8664610916297825,3.717670503002262,-0.08407278830288423,-0.14266750356873156,4.63,-0.1549019599857432,1,2,287.5646296,44.3050662,15.4413,75.20665,65.81556,301.80986,1.1752508103615598,-0.7375489102695706,-0.183,1.1273640012862012,1.1119678372060728,1.1112961264822625,1.153845340080965,-2.2006594505464183,-0.0063,1,0,0,0,0,0,2.76280072275239,1.272963898445324
Kepler-190 b,3.0633333589517497,0.17897694729316943,0.3053539494061797,-1.537602002101044,3.715501945293284,-0.09582563171583647,-0.13076828026902382,4.61,0.6812412373755872,1,2,288.5839761,44.7337701,14.94343,75.91261,66.00443,303.82481,1.15642799231805,-1.1611509092627446,-0.069,1.1047601666385252,1.0891629993649319,1.0874619661718192,1.1320001883224917,-2.2006594505464183,-0.0063,1,0,0,0,0,0,3.1021522319288963,2.6303699351513496
Kepler-191 c,2.7466341989375787,0.3053513694466238,1.2489186061303663,-0.9030899869919435,3.718916686014861,-0.08196966321511988,-0.1366771398795441,4.63,-0.045757490560675115,1,3,291.1833211,45.3230937,13.51221,77.2472,65.94967,308.5629,1.175714707308695,-1.0362121726544447,-0.092,1.1277525158329733,1.1125714898649794,1.110017006792112,1.1524962666082526,-2.1739251972991736,-0.0067,1,0,0,0,0,0,2.785356535290663,1.3631871485984173
Kepler-192 d,2.9283958522567137,-0.040958607678906384,0.8109391839230845,-1.1804560644581312,3.7422536699065936,-0.043351420794796675,-0.09691001300805639,4.59,-0.3010299956639812,1,3,287.9179379,45.5928829,15.7141,76.53877,66.96722,303.37897,1.155578931476932,-0.7375489102695706,-0.183,1.1103202968402968,1.0973267357157728,1.0943662983361344,1.1335804198293686,-2.193820026016113,-0.0064,1,0,0,0,0,0,2.9672601213512335,2.090801492840698
Kepler-193 b,2.948412965778601,0.39093510710337914,1.0564691955367083,-0.9829666607012196,3.799753966411886,0.05652372407910037,0.02530586526477026,4.44,-0.5228787452803376,1,2,296.4985951,46.5772484,10.77346,80.09004,65.65321,318.06324,1.167671716230021,-1.337242168318426,-0.046,1.1315865882398082,1.1219535835452987,1.1211657475344112,1.1512349742797214,-2.113509274827518,-0.0077,1,0,0,0,0,0,2.987123655114483,2.170255627893697
Kepler-196 c,2.635483746814912,0.36172783601759284,1.6760250131778882,-0.6270879970298935,3.718584720027436,-0.10623823794205658,-0.08092190762392612,4.5,1.146128035678238,1,3,284.9685077,42.0791214,16.33606,72.31497,64.16811,296.09775,1.1534794900219245,-1.0362121726544447,-0.092,1.105578304052037,1.089905111439398,1.087603973687808,1.131779009369187,-2.1191864077192086,-0.0076,1,0,0,0,0,0,2.674901190450022,0.9213657692358523
Kepler-197 b,3.0633333589517497,0.07188200730612536,0.748137614899506,-1.2291479883578558,3.7691556907143986,-0.06348625752110672,0.07188200730612536,4.23,1.0681858617461617,2,4,295.2264739,50.5592348,13.35928,83.30414,69.57907,320.89119,1.0709609158009339,-1.6197887582883939,-0.024,1.0339863652396057,1.0243625043532822,1.022634539944119,1.0570419753123221,-2.214670164989233,-0.0061,2,0,0,0,0,0,3.102904114265992,2.633377464499731
Kepler-197 c,2.9740509027928774,0.146128035678238,1.0149268381988736,-1.0506099933550872,3.7691556907143986,-0.06348625752110672,0.07188200730612536,4.23,1.0681858617461617,2,4,295.2264739,50.5592348,13.35928,83.30414,69.57907,320.89119,1.0709609158009339,-1.6197887582883939,-0.024,1.0339863652396057,1.0243625043532822,1.022634539944119,1.0570419753123221,-2.214670164989233,-0.0061,2,0,0,0,0,0,3.0136351167646076,2.276301474494194
Kepler-1977 b,2.8830933585756897,0.15836249209524964,0.6567681092056864,-1.3187587626244128,3.6786094165589263,-0.1444808443321999,-0.1985962899826449,4.69,0.11394335230683679,1,1,290.6178587,37.2891002,10.40856,69.65882,58.43445,302.35235,1.2053938526146795,-0.8996294548824371,-0.126,1.1479235389806064,1.129045059887958,1.1257414391287155,1.1755089141916755,-2.0604807473813813,-0.0087,0,0,0,0,0,0,2.9219240785994125,1.9094573218334139
Kepler-1990 c,3.0692980121155293,0.037426497940623665,0.6094391238571595,-1.2839966563652008,3.7662640906519957,0.046104787246038705,0.033021444682910656,4.42,0.3979400086720376,1,2,299.7047433,44.4357068,7.76339,79.32401,62.75291,320.60547,1.077222510411053,-1.2839966563652008,-0.052,1.0568286526378117,1.0462609801921219,1.0435587469147327,1.0835277021205822,-2.0409586076789066,-0.0091,0,0,0,0,0,0,3.1080065668956536,2.6537872750183786
Kepler-1994 b,3.00774777800074,-0.2924298239020636,0.6639141577861142,-1.2924298239020637,3.7363965022766426,-0.08144546944972647,-0.036212172654444715,4.43,1.110589710299249,1,1,297.1487941,46.2969247,10.24589,80.05739,65.20692,318.74429,1.079543007402906,-1.5528419686577808,-0.028,1.0259199985020175,1.0117818305481068,1.007961033336183,1.0536123358291634,-2.221848749616356,-0.006,0,0,0,0,0,0,3.047738753620054,2.412716021915981
Kepler-207 b,3.232742062720737,0.06818586174616162,0.20733297608506293,-1.5686362358410126,3.783903579272735,0.01703333929878037,0.04139268515822508,4.37,0.6127838567197355,1,3,290.0305195,42.1660555,12.9292,73.94724,63.23839,304.31663,1.119387873622336,-0.9871627752948278,-0.103,1.08278537031645,1.0733883811151776,1.072065991414746,1.1050398702910806,-2.0915149811213505,-0.0081,1,0,0,0,0,0,3.272151465491956,3.310366869403589
Kepler-213 c,3.00774777800074,0.3222192947339193,0.6833113188093118,-1.2596373105057561,3.763877031495655,-0.010550182333308195,-0.060480747381381476,4.55,-0.3979400086720376,1,2,290.8241931,44.6472832,13.45626,76.507,65.40358,307.41625,1.136879039875517,-0.8996294548824371,-0.126,1.096110175084596,1.085290578230065,1.0835742796739913,1.1186251104024938,-2.214670164989233,-0.0061,1,0,0,0,0,0,3.0466887387774446,2.408515962545543
Kepler-214 c,2.82020145948564,0.3096301674258988,1.4590843007881362,-0.7144426909922262,3.8029104894190398,0.06069784035361165,0.029383777685209667,4.44,-0.638272163982407,1,2,284.7548499,44.95605,17.5388,75.05181,66.99405,297.45699,1.14789264483285,-0.7375489102695706,-0.183,1.1119678372060728,1.103050747435957,1.1006117528337902,1.1305846217339244,-2.1870866433571443,-0.0065,1,0,0,0,0,0,2.8580571494773603,1.6539896053452046
Kepler-215 c,2.8987251815894934,0.19589965240923377,1.1663501749869838,-0.9355420107730815,3.7724684030532805,-0.010105436281226938,0.029383777685209667,4.37,0.8061799739838872,1,4,294.9735313,45.2136867,11.07277,78.35687,64.84929,314.40883,1.1360225993970112,-0.8996294548824371,-0.126,1.0940166811204224,1.0815273262448046,1.0790364570874895,1.1168633314191019,-2.214670164989233,-0.0061,1,0,0,0,0,0,2.9381647230020285,1.9744198994438773
Kepler-216 c,2.884228769632604,0.436162647040756,1.2407119534341133,-0.8632794328435932,3.797821311364024,0.05269394192496786,0.021189299069938092,4.45,-0.5528419686577808,1,2,293.7280695,46.1291139,12.26418,78.78512,66.03385,313.35389,1.1477999492012,-0.7099653886374819,-0.195,1.1124709393381393,1.103632705209741,1.1010937667366587,1.1319264745198776,-2.0915149811213505,-0.0081,1,0,0,0,0,0,2.9232891030403914,1.9149174195973306
Kepler-220 c,2.7831886910752575,0.21484384804769785,0.9558900853633353,-1.1191864077192086,3.6710802327388494,-0.1444808443321999,-0.18375870000821692,4.66,0.7781512503836436,1,4,291.5060432,46.8956262,13.97444,78.81162,67.33175,310.53807,1.1155772311285228,-1.0362121726544447,-0.092,1.0494506181315495,1.0282458165724737,1.0232524596337116,1.0856936390931613,-2.221848749616356,-0.006,1,0,0,0,0,0,2.8220275123139476,1.5098710566915545
Kepler-221 d,2.859138297294531,0.4487063199050799,1.0018009713376064,-1.0705810742857071,3.7262380468026377,-0.08830984124613889,-0.09151498112135022,4.54,0.9395192526186185,1,4,296.6547477,46.8352242,10.80167,80.37293,65.83933,318.57027,1.145196406114182,-0.826813731587726,-0.149,1.0938767553900446,1.0790002523038493,1.0755469613925308,1.1204719258264235,-2.207608310501746,-0.0062,1,0,0,0,0,0,2.8990045191044183,1.8177790838534378
Kepler-222 d,2.693726948923647,0.5185139398778874,1.4484294268797626,-0.7644715530924511,3.727703883685354,-0.06701917807680184,-0.11918640771920865,4.62,-0.1549019599857432,1,3,287.9060885,46.9377479,16.24184,77.8255,68.24343,304.49306,1.1877180825676048,-1.337242168318426,-0.046,1.1372591386367676,1.125188384168597,1.121723945637367,1.1616165272638919,-2.1804560644581312,-0.0066,1,0,0,0,0,0,2.7335798820915778,1.1560805358020745
Kepler-226 b,3.0064660422492318,0.22010808804005508,0.5956115039926211,-1.3279021420642825,3.74499667403856,-0.04000516167158381,-0.09151498112135022,4.58,-0.3010299956639812,1,3,292.3760942,47.8809596,13.85946,79.98836,68.00803,312.97994,1.1920933174520343,-0.7644715530924511,-0.172,1.1496501130981152,1.1374807093841357,1.134591434710877,1.1722846822500876,-2.193820026016113,-0.0064,1,0,0,0,0,0,3.0464236802296285,2.4074557283542783
Kepler-227 c,2.683947130751512,0.4913616938342727,1.7357393042045326,-0.562249437179612,3.760648619581356,-0.036212172654444715,-0.004364805402450088,4.41,0.8864907251724818,1,2,291.9342748,48.141676,14.23776,80.10231,68.36588,312.53545,1.1937644327643853,-0.8996294548824371,-0.126,1.1486643399822363,1.1383342820710192,1.1350690138234478,1.1708247593137993,-2.167491087293764,-0.0068,1,0,0,0,0,0,2.7228243611895393,1.113058452193922
Kepler-228 c,3.056142262059052,0.4471580313422192,0.6164128071112692,-1.2924298239020637,3.7791634237644987,0.01703333929878037,-0.026872146400301365,4.51,-0.5228787452803376,1,3,296.2860853,48.2246328,11.67615,81.50262,67.19429,319.56339,1.2014517491217187,-0.8996294548824371,-0.126,1.1622058311770098,1.1496193415331535,1.150203628762808,1.1820092739668862,-2.1804560644581312,-0.0066,1,0,0,0,0,0,3.095175688234982,2.6024637603756933
Kepler-229 b,2.8779469516291885,0.3222192947339193,0.7960848170691283,-1.207608310501746,3.7074850119674734,-0.10017949757290372,-0.1549019599857432,4.65,0.04139268515822508,1,3,286.9994758,48.3757867,17.34816,78.97779,69.80276,304.22402,1.2100508498751372,-1.6197887582883939,-0.024,1.1572451604751948,1.142013832984359,1.1394067704417925,1.1822833740789571,-2.1739251972991736,-0.0067,1,0,0,0,0,0,2.9170716129450773,1.8900474592160736
Kepler-229 d,2.6074550232146687,0.5185139398778874,1.6148206806989103,-0.6655462488490691,3.7074850119674734,-0.10017949757290372,-0.1549019599857432,4.65,0.04139268515822508,1,3,286.9994758,48.3757867,17.34816,78.97779,69.80276,304.22402,1.2100508498751372,-1.6197887582883939,-0.024,1.1572451604751948,1.142013832984359,1.1394067704417925,1.1822833740789571,-2.1739251972991736,-0.0067,1,0,0,0,0,0,2.6460405821187387,0.8059233359107197
Kepler-23 d,3.0153597554092144,0.4487063199050799,1.1839664341699343,-0.8927900303521317,3.78830981210705,0.07554696139253074,0.27184160653649897,3.97,0.6901960800285137,1,3,294.2189131,49.4792536,13.45799,82.01371,68.92985,317.84481,1.132483825000562,-0.7644715530924511,-0.172,1.0917724414196828,1.080878910341817,1.0791088576014363,1.112926582061599,-2.161150909262745,-0.0069,1,0,0,0,0,0,3.0538590562709675,2.4371972325196354
Kepler-24 d,3.0923696996291206,0.2304489213782739,0.627812519940722,-1.2839966563652008,3.7812525942484565,0.00860017176191757,0.04921802267018165,4.35,0.7160033436347992,1,4,290.4132621,38.3437283,11.01831,70.54989,59.49349,302.60374,1.1772478362556233,-1.0969100130080565,-0.08,1.1387131098760117,1.1285608065593205,1.126196367920531,1.1592001134426657,-2.1307682802690238,-0.0074,1,0,0,0,0,0,3.13109335948575,2.746134445378764
Kepler-240 c,2.8208579894397,0.29885307640970665,0.9005614524414236,-1.1487416512809248,3.6920533650340808,-0.12320502379929942,-0.17979854051435976,4.67,-0.045757490560675115,1,2,291.1587635,40.7502108,11.55622,73.01252,61.63316,305.13317,1.2028423651946323,0.05422990986339725,-1.133,1.1496193415331535,1.1337304666245487,1.1291741029677675,1.1763720120536232,-2.167491087293764,-0.0068,1,0,0,0,0,0,2.8597583461369656,1.6607943919836268
Kepler-245 b,2.8948696567452528,0.43136376415898736,0.8744927184121414,-1.1611509092627446,3.7172543127625497,-0.10957898119908573,-0.09691001300805639,4.52,1.1271047983648077,1,4,291.6389972,42.4363482,11.97179,74.72154,63.12201,307.00839,1.1916186633694685,-0.5985994592184559,-0.252,1.1498654530262615,1.1363399965330439,1.1347825293818554,1.1760565141073125,-2.1079053973095196,-0.0078,1,0,0,0,0,0,2.932608186609496,1.952193753873749
Kepler-252 b,2.783903579272735,0.10037054511756291,0.8240210566874556,-1.2291479883578558,3.643156465619706,-0.21467016498923297,-0.23657200643706275,4.7,1.1430148002540952,1,2,295.579329,44.5459052,10.38166,77.95933,64.0664,314.71379,1.187689893525184,-1.1611509092627446,-0.069,1.1218879851036812,1.1020905255118367,1.0957271225559797,1.1548224768226236,-2.0915149811213505,-0.0081,1,0,0,0,0,0,2.822677882299705,1.5124725366345848
Kepler-261 c,2.714329759745233,0.3364597338485295,1.390418943387652,-0.8013429130455774,3.717504074764202,-0.05749589383191927,-0.09745322068600858,4.58,0.38021124171160603,1,2,291.3647333,37.609239,10.02041,70.2185,58.5807,303.61155,1.137923512040415,-0.9871627752948278,-0.103,1.083753377570011,1.0671452788853952,1.0638960381259943,1.112108764560416,-2.214670164989233,-0.0061,1,0,0,0,0,0,2.7526823466635886,1.2324903940901193
Kepler-263 b,2.77232170672292,0.424881636631067,1.219271658653487,-0.9281179926938746,3.7197454925295768,-0.09636748391576232,-0.11350927482751812,4.57,0.8976270912904415,1,2,292.4698022,37.5677941,9.22104,70.58352,58.29257,305.19333,1.1885066338181143,-0.8632794328435932,-0.137,1.1459418695761219,1.1313298940428098,1.1318751879725928,1.1712670576761213,-2.0555173278498313,-0.0088,1,0,0,0,0,0,2.810283277182357,1.4628941161651934
Kepler-264 c,2.7481880270062002,0.5728716022004802,2.146411475420086,-0.23210238398190938,3.7948364578145615,0.1367205671564068,0.38560627359831223,3.8,0.5010592622177514,1,2,292.044628,37.3761861,9.43386,70.25469,58.2056,304.47468,1.1189257528257768,-0.9430951486635274,-0.114,1.076203381088768,1.0678888066853989,1.064120905829622,1.098913562048652,-2.0222763947111524,-0.0095,1,0,0,0,0,0,2.7869242123242746,1.3694578567328626
Kepler-265 e,2.69284691927723,0.3996737214810381,1.8314211767955217,-0.4672456210075022,3.8003733548913496,0.06069784035361165,0.029383777685209667,4.44,-0.5528419686577808,1,4,290.5104788,41.244743,12.21177,73.25046,62.25196,304.45733,1.1894903136993675,-0.7958800173440752,-0.16,1.153875813678978,1.144106973049323,1.1429210575156148,1.1735271577744475,-2.113509274827518,-0.0077,1,0,0,0,0,0,2.731921479957308,1.1494469272649954
Kepler-268 b,2.8444771757456815,0.4623979978989561,1.4138721858837684,-0.7471469690201068,3.8003045775561985,0.05307844348341968,0.05307844348341968,4.39,0.23299611039215382,1,2,291.9761559,38.0550327,9.79009,70.84335,58.87163,304.74676,1.14126159062209,-0.9430951486635274,-0.114,1.1029479680053735,1.0938067756151746,1.0927907996768862,1.1224812903855699,-2.1307682802690238,-0.0074,1,0,0,0,0,0,2.883650709527564,1.7563638455460209
Kepler-270 b,2.99563519459755,0.27184160653649897,1.059795459229143,-0.978810700930062,3.807467375684278,0.06818586174616162,0.10720996964786837,4.29,0.436162647040756,1,2,282.2001207,44.4222795,19.05505,73.85816,66.90561,292.62638,1.1430148002540952,-0.9430951486635274,-0.114,1.1118671468044696,1.100852826657301,1.1013001804676847,1.1291289422512112,-2.154901959985743,-0.007,1,0,0,0,0,0,3.0337111366928453,2.356605554207146
Kepler-270 c,2.8808135922807914,0.2013971243204515,1.4024832029772931,-0.7495799976911061,3.807467375684278,0.06818586174616162,0.10720996964786837,4.29,0.436162647040756,1,2,282.2001207,44.4222795,19.05505,73.85816,66.90561,292.62638,1.1430148002540952,-0.9430951486635274,-0.114,1.1118671468044696,1.100852826657301,1.1013001804676847,1.1291289422512112,-2.154901959985743,-0.007,1,0,0,0,0,0,2.9190957850733676,1.8981441477292342
Kepler-271 d,3.016615547557177,-0.1549019599857432,0.7201162854411102,-1.2365720064370627,3.7603470785299065,-0.03385826726096737,-0.01322826573375516,4.43,0.8512583487190752,1,3,283.0029316,44.284108,18.46832,73.92797,66.6445,293.96933,1.1328358043383722,-0.7958800173440752,-0.16,1.0862886290216822,1.0725807326489498,1.0698530211136246,1.1120383065995614,-2.1804560644581312,-0.0066,1,0,0,0,0,0,3.0552523746011624,2.442770505840414
Kepler-277 b,2.9556877503135057,0.4653828514484183,1.238658202521859,-0.8569851997459049,3.774224904868919,0.0788191830988487,0.21748394421390627,4.08,0.6989700043360189,1,2,286.5831894,39.0772582,14.0381,69.94431,60.96227,297.15527,1.1317469451008788,-0.9871627752948278,-0.103,1.0894812026874368,1.0792898060986595,1.0779489985060275,1.1117294988241735,-2.0315170514460648,-0.0093,1,0,0,0,0,0,2.994692902568427,2.200532617709472
Kepler-287 c,2.716003343634799,0.4913616938342727,1.651781716652044,-0.6179829574251317,3.7618526944663833,-0.03151705144606486,0.0,4.4,0.8808135922807914,1,2,290.9274282,48.4434588,14.97247,80.09807,68.90988,311.1796,1.1746992883707756,-0.9393021596463883,-0.115,1.1316828094614058,1.120606831056773,1.118430077122089,1.1536715997301221,-2.1804560644581312,-0.0066,1,0,0,0,0,0,2.7540775988985513,1.2380714030299689
Kepler-295 c,2.8000293592441343,0.15228834438305647,1.3329736252437774,-0.8386319977650252,3.7505855273410087,-0.05305672930217456,-0.026872146400301365,4.44,0.9444826721501687,1,3,285.3458383,45.3677754,17.29955,75.61222,67.28017,298.77271,1.1652740103112287,-0.8632794328435932,-0.137,1.1187605904423814,1.10595276923698,1.1043846712878835,1.1431709932001783,-2.2006594505464183,-0.0063,1,0,0,0,0,0,2.839698878742973,1.580556522407656
Kepler-298 c,2.6434526764861874,0.41161970596323016,1.3603902283008737,-0.8601209135987634,3.6679196853173615,-0.1804560644581313,-0.1972262747080243,4.65,1.146128035678238,1,3,283.0398448,48.8253303,19.96081,78.47034,71.03557,297.19535,1.1935976102980945,-0.8996294548824371,-0.126,1.137290798522468,1.118562312635603,1.1164416975393119,1.168105439826144,-2.167491087293764,-0.0068,1,0,0,0,0,0,2.682600430482333,0.9521627293650977
Kepler-319 d,2.8432327780980096,0.6334684555795865,1.5021847761511409,-0.712198270069774,3.756483964442609,-0.017728766960431602,0.17318626841227402,4.08,1.0334237554869496,1,3,288.8119782,39.7706431,12.75373,71.32161,61.20302,300.96166,1.1438263908395614,-0.9430951486635274,-0.114,1.1014377351388491,1.090434416175122,1.0866445206108053,1.1239006187858964,-2.1249387366083,-0.0075,1,0,0,0,0,0,2.8824096594032356,1.751399645048707
Kepler-32 f,3.0557604646877348,-0.06550154875643228,-0.1290369056513176,-1.8860566476931633,3.608632989490037,-0.26042765554990804,-0.28066871301627333,4.74,1.1430148002540952,1,5,297.8423073,46.5743595,9.96232,80.53919,65.24682,320.05971,1.2137832993353042,-0.26042765554990804,-0.549,1.1340495427405126,1.1106233752333305,1.105748555526993,1.1707104500803585,-2.1280361419225704,-0.0074467,1,0,0,0,0,0,3.0945603825480843,2.600002537628101
Kepler-322 b,3.2555137128195333,0.2944662261615929,0.21850872202238578,-1.585026652029182,3.7431960814487013,-0.045757490560675115,0.14921911265537988,4.09,1.146128035678238,1,2,281.3487514,44.2952525,19.58672,73.51645,66.9073,291.04101,1.1363082672558131,-0.9871627752948278,-0.103,1.0879942550997141,1.0743409423650772,1.0732416476119986,1.1135255605652339,-2.214670164989233,-0.0061,1,0,0,0,0,0,3.2935523895105847,3.395970565478103
Kepler-328 c,2.6580113966571126,0.7323937598229685,1.853151045470669,-0.46344155742846993,3.7877437716464666,0.029383777685209667,-0.01322826573375516,4.49,-0.5228787452803376,1,2,295.8092756,40.0084866,8.07033,73.9995,59.7841,311.49713,1.1984921336770442,-0.9393021596463883,-0.115,1.1602583862026694,1.152104800892868,1.1518905687350887,1.1801660326386159,-2.154901959985743,-0.007,1,0,0,0,0,0,2.6960838432134264,1.0060963802894698
Kepler-331 d,2.561101383649056,0.34044411484011833,1.5069773582172654,-0.7644715530924511,3.652826302561005,-0.18508681872492605,-0.23732143627256383,4.73,0.07918124604762482,1,3,291.8343455,39.3073462,10.45298,71.92848,60.1016,305.25938,1.209488205413828,-0.826813731587726,-0.149,1.1486643399822363,1.1307196365629522,1.125253486024798,1.1794196444343907,-2.0861861476162833,-0.0082,1,0,0,0,0,0,2.5996347866905505,0.6203001541979668
Kepler-334 c,2.9111576087399764,0.17026171539495738,1.1057852870414244,-0.9625735020593764,3.7849737099544005,0.02530586526477026,0.0,4.46,0.2041199826559248,1,3,287.1406177,47.1151153,16.79191,77.79017,68.58099,303.30898,1.1083620349551717,-1.1611509092627446,-0.069,1.0685568950723632,1.05872962075172,1.0572475801312449,1.090286275863605,-2.193820026016113,-0.0064,1,0,0,0,0,0,2.9494938867036913,2.019736554250529
Kepler-336 c,2.9410142437055695,0.2764618041732441,0.9822677043825677,-1.0457574905606752,3.782759192623997,0.024074987307426243,-0.017728766960431602,4.5,-0.5228787452803376,1,3,290.2376224,41.3313637,12.43412,73.24044,62.39577,304.09159,1.1359908469216247,-0.826813731587726,-0.149,1.0964928900543611,1.0861461906859013,1.0843617585514052,1.1185061174619855,-2.214670164989233,-0.0061,1,0,0,0,0,0,2.9800069801437212,2.1417889280106492
Kepler-336 d,2.829946695941636,0.3344537511509309,1.3155263829450472,-0.8239087409443188,3.782759192623997,0.024074987307426243,-0.017728766960431602,4.5,-0.5228787452803376,1,3,290.2376224,41.3313637,12.43412,73.24044,62.39577,304.09159,1.1359908469216247,-0.826813731587726,-0.149,1.0964928900543611,1.0861461906859013,1.0843617585514052,1.1185061174619855,-2.214670164989233,-0.0061,1,0,0,0,0,0,2.869082605335543,1.6980914287779363
Kepler-346 c,2.807535028068853,0.5440680443502757,1.3775131474707225,-0.7878123955960422,3.777861624176242,0.00860017176191757,-0.017728766960431602,4.48,0.2304489213782739,1,2,288.0119248,46.1176003,15.85796,77.06755,67.4442,303.9682,1.183582992351017,-0.8632794328435932,-0.137,1.1451342263614945,1.1338900339856792,1.1329637261307266,1.1661428575500947,-2.1804560644581312,-0.0066,1,0,0,0,0,0,2.8461368642136495,1.606308464290362
Kepler-39 b,2.929929560084588,1.08778950753337,1.3240182580439852,-0.8127613801685213,3.7965743332104296,0.03342375548694973,0.0881360887005513,4.294,0.6434526764861874,1,1,296.9603348,46.0342954,10.23403,79.75961,65.02593,318.19585,1.1570031968325247,-0.7644715530924511,-0.172,1.1217567584878154,1.1139099437540372,1.1111952802071308,1.140699693678422,-2.0087739243075053,-0.0098,1,0,0,0,0,0,2.9302564933645683,1.9427869808940377
Kepler-397 b,2.7218106152125467,0.3996737214810381,1.3473471915680324,-0.835647144215563,3.7241939195143297,-0.07365755337434496,-0.13076828026902382,4.62,-0.2218487496163564,1,2,295.8940373,42.3805156,9.15365,76.13477,61.97735,313.35952,1.2137036536801793,-0.5985994592184559,-0.252,1.1639659829548834,1.1499269591135903,1.1430148002540952,1.1898831626469175,-1.7212463990471711,-0.019,1,0,0,0,0,0,2.7598667772072014,1.2612281162645702
Kepler-40 b,3.0285712526925375,0.8450980400142568,0.8371576608199116,-1.1307682802690238,3.803047210491129,0.06069784035361165,0.029383777685209667,4.44,-0.5686362358410126,1,1,296.8136883,47.5265446,11.03503,81.04474,66.41163,319.565,1.1660450878512252,-0.7644715530924511,-0.172,1.1314903456949483,1.1236556744381219,1.1228709228644356,1.1502896678300745,-2.1487416512809245,-0.0071,1,0,0,0,0,0,3.0663566651878478,2.487187668187155
Kepler-402 b,3.142389466118836,0.05690485133647256,0.6051694561290029,-1.275724130399211,3.8151791301394185,0.08278537031645007,0.08990511143939793,4.34,0.146128035678238,1,4,288.3701976,43.3546109,14.53038,74.54275,64.73643,302.4715,1.1228709228644356,-1.0362121726544447,-0.092,1.0900110240071472,1.0821388313934477,1.0789278336807195,1.1078439837277358,-2.1870866433571443,-0.0065,1,0,0,0,0,0,3.181227176778325,2.9466697145490657
Kepler-404 b,2.8524799936368566,0.11394335230683679,1.0729528046369479,-1.00436480540245,3.7491176623563223,-0.03385826726096737,-0.08618614761628333,4.58,-0.3979400086720376,1,2,286.3985796,45.3435241,16.60325,75.87463,67.04952,300.58505,1.1897429002415698,-0.8996294548824371,-0.126,1.143264682011221,1.131201490026233,1.1295932283679333,1.1664241929510897,-2.193820026016113,-0.0064,0,0,0,0,0,0,2.891440416969008,1.7875226753117963
Kepler-414 b,3.0064660422492318,0.22788670461367352,0.6720645915524173,-1.2676062401770316,3.7431960814487013,-0.02181948306258609,-0.030118356253500032,4.48,0.7403626894942439,1,2,297.9615616,48.2443363,10.70429,82.06217,66.69497,322.11272,1.1263911916166145,-0.619788758288394,-0.24,1.0823185221080402,1.070037866607755,1.0681116170273035,1.1074677554739023,-2.214670164989233,-0.0061,1,0,0,0,0,0,3.0451734491300693,2.4024548039560423
Kepler-43 b,3.204933522354145,1.096841736548831,0.4805951859859461,-1.3565473235138126,3.781108835729466,0.09342168516223506,0.12450422483428228,4.281,0.43136376415898736,1,1,285.2408288,46.6682411,17.83658,76.85693,68.54929,299.55235,1.1456935239042203,-0.826813731587726,-0.149,1.1091734214254723,1.1005428500124648,1.0986091193002927,1.1291515231965017,-2.154901959985743,-0.007,1,0,0,0,0,0,3.2048680356231163,3.041233149928229
Kepler-430 b,2.8000293592441343,0.40312052117581787,1.5559194289034037,-0.6575773191777937,3.795323764329314,0.04139268515822508,0.06445798922691845,4.35,0.45331834004703764,1,2,292.8085984,49.5794242,14.32619,81.69761,69.42817,315.66606,1.143264682011221,-0.7958800173440752,-0.16,1.1052716831067937,1.0964233305952706,1.0931063569779067,1.1265989072726965,-2.1739251972991736,-0.0067,1,0,0,0,0,0,2.8395748442512723,1.5800603844408534
Kepler-431 b,3.1335389083702174,0.09691001300805642,0.8326737217334708,-1.1249387366083,3.799753966411886,0.08278537031645007,0.2528530309798932,4.01,0.6374897295125107,1,3,281.1123072,43.2277663,19.39477,72.38789,65.89306,290.10622,1.0841829114204737,-1.5528419686577808,-0.028,1.0392157659039505,1.0284899165218901,1.027308827035546,1.061900867705375,-2.1487416512809245,-0.0071,1,0,0,0,0,0,3.171883275925585,2.909294111138103
Kepler-431 d,3.0523090996473234,0.2600713879850748,1.0763356389284653,-0.9625735020593764,3.799753966411886,0.08278537031645007,0.2528530309798932,4.01,0.6374897295125107,1,3,281.1123072,43.2277663,19.39477,72.38789,65.89306,290.10622,1.0841829114204737,-1.5528419686577808,-0.028,1.0392157659039505,1.0284899165218901,1.027308827035546,1.061900867705375,-2.1487416512809245,-0.0071,1,0,0,0,0,0,3.090700658651123,2.5845636420402562
Kepler-450 c,2.9566485792052033,0.3979400086720376,1.1878905878318562,-0.8927900303521317,3.8073997127594854,0.07188200730612536,0.11727129565576427,4.28,0.4578818967339923,1,3,295.4865821,51.0135237,13.4167,83.79725,69.89372,321.94982,1.0788554029797672,-1.537602002101044,-0.029,1.029708362514895,1.0200296335426993,1.0182426674579095,1.0526054583937106,-2.161150909262745,-0.0069,1,0,0,0,0,0,2.9956638014830355,2.2044162133679066
Kepler-471 b,3.0881360887005513,0.9542425094393249,0.7002044674614551,-1.2218487496163564,3.8069257768837317,0.06818586174616162,0.05307844348341968,4.4,-0.14266750356873156,1,1,299.0975167,43.4975851,7.66243,78.28462,62.08669,318.89474,1.1388393124143217,-1.1611509092627446,-0.069,1.1073456654720948,1.0997841966035777,1.0990587890680543,1.1268648978513969,-1.9393021596463884,-0.0115,1,0,0,0,0,0,3.1276227991532224,2.732252204048653
Kepler-482 b,2.519827993775719,0.287801729930226,1.7509237457935443,-0.5968794788241821,3.67833624673218,-0.16621562534352105,-0.20273245916928356,4.68,0.8325089127062363,1,1,296.8229326,48.1077628,11.30521,81.56932,66.92693,320.24409,1.1476454125017423,-0.7958800173440752,-0.16,1.0853976220169692,1.0667357953509289,1.0620552473753537,1.1182217245069992,-2.214670164989233,-0.0061,1,0,0,0,0,0,2.5586431822792317,0.45633373655269077
Kepler-500 b,2.929929560084588,0.38021124171160603,0.9298456019787714,-1.0915149811213503,3.765594055319445,-0.00788851221305034,-0.05060999335508721,4.53,-0.045757490560675115,1,1,295.9513472,43.8519884,9.81856,77.46634,63.32343,314.65689,1.1560643123398653,-1.0969100130080565,-0.08,1.1137762838370313,1.103564280050957,1.0999567342411827,1.1363082672558131,-2.0457574905606752,-0.009,1,0,0,0,0,0,2.9692799749221788,2.0988809071244794
Kepler-504 b,2.6483600109809315,0.287801729930226,0.9799703093736302,-1.154901959985743,3.5802405082653763,-0.29413628771608075,-0.30715308072277,4.76,1.1430148002540952,2,1,284.9219608,45.9723265,17.79385,76.09155,67.94257,298.45727,1.1802119223489413,-0.9430951486635274,-0.114,1.0791812460476249,1.0559132239161488,1.0474695746198566,1.1257381879226405,-2.1213977870405683,-0.0075614,2,0,0,0,0,0,2.6873483736164654,0.9711545019016251
Kepler-522 b,2.816241299991783,0.7151673578484579,1.5864000451305575,-0.6073030467403343,3.7983052820219765,0.1274287778515989,0.13987908640123647,4.29,0.08990511143939793,1,1,288.153973,44.0688154,14.95975,75.15464,65.46489,302.61921,1.0870712059065355,-0.4788619162959637,-0.332,1.0531553029618794,1.045009860905824,1.0440691504689144,1.071668488047513,-2.2006594505464183,-0.0063,1,0,0,0,0,0,2.8551297743123643,1.6422801046852213
Kepler-524 b,3.0236639181977933,0.38021124171160603,0.9016847820615685,-1.1023729087095586,3.7798849631926443,0.012837224705172217,0.09691001300805642,4.26,0.8061799739838872,1,2,296.8591787,49.1620125,11.78199,82.52933,67.84784,321.58054,1.1486643399822363,-0.9430951486635274,-0.114,1.1047942864862783,1.0955180423231508,1.0928609433388174,1.1277622242449192,-2.036212172654445,-0.0092,1,0,0,0,0,0,3.0627598497710538,2.4728004065199802
Kepler-528 b,2.829303772831025,0.292256071356476,1.2962925900529039,-0.8386319977650252,3.7791634237644987,0.016615547557177382,-0.026872146400301365,4.51,-0.3979400086720376,1,1,295.6848595,47.7480914,11.81075,80.88058,66.94812,318.09235,1.1481088577296967,-0.8996294548824371,-0.126,1.1070402902232042,1.0964928900543611,1.0937367845623394,1.1286092561975727,-2.161150909262745,-0.0069,1,0,0,0,0,0,2.868276775166463,1.6948681081016161
Kepler-533 b,2.625312450961674,0.46834733041215726,1.4550139124200634,-0.7931741239681502,3.6754116937148633,-0.16941133131485567,-0.1830961606243397,4.63,1.1430148002540952,1,1,293.6856893,48.8249915,13.4834,81.25178,68.49907,316.18245,1.1500806862334934,-0.826813731587726,-0.149,1.0911391538257549,1.0710715499836498,1.0675543766935036,1.1226581417244548,-2.214670164989233,-0.0061,1,0,0,0,0,0,2.6636841011063708,0.8764974118612482
Kepler-534 b,2.8739015978644615,0.37291200297010657,1.2030314175948047,-0.8927900303521317,3.77342072329061,0.039017321997412,0.01870049866624337,4.44,0.2304489213782739,1,2,296.4185696,49.540148,12.21263,82.73358,68.31716,321.3891,1.12668326338829,-0.8996294548824371,-0.126,1.0814553278225736,1.0709609158009339,1.0684827137617543,1.1068128158086232,-2.0555173278498313,-0.0088,1,0,0,0,0,0,2.9123994135194,1.871358661513364
Kepler-536 b,3.2530955858490316,0.75815462196739,0.26175787267044165,-1.5528419686577808,3.7294887691795613,-0.0381045263321496,0.2041199826559248,3.99,1.1367205671564067,1,1,297.7363605,49.637101,11.50532,83.23303,67.98622,323.52151,1.1471195760219652,-0.8996294548824371,-0.126,1.0926855629374908,1.078746734273607,1.0752549005329002,1.1214120998479562,-2.207608310501746,-0.0062,1,0,0,0,0,0,3.2912031705560163,3.38657368965983
Kepler-549 d,2.749736315569061,0.6232492903979004,1.3911971406465669,-0.8041003475907662,3.7372721765355434,-0.0721165896692931,-0.07058107428570728,4.5,0.9344984512435677,1,3,283.0228527,47.2611431,19.46173,76.89558,69.53079,295.92843,1.170408411725318,-0.826813731587726,-0.149,1.1239495910818271,1.1106906972737542,1.1080912355812202,1.148571808932157,-2.1739251972991736,-0.0067,0,0,0,0,0,0,2.787265238907675,1.370821963066465
Kepler-55 c,2.5352941200427703,0.24797326636180664,1.6247289519196333,-0.6925039620867871,3.6540802353065707,-0.19997064075586568,-0.22040350874217546,4.68,1.146128035678238,1,5,285.1683291,44.0264898,16.92531,74.25808,66.01988,297.57113,1.1971702471060008,-0.44977164694490596,-0.355,1.145196406114182,1.1257739498508854,1.1234923014226517,1.1775538136504642,-2.2006594505464183,-0.0063,1,0,0,0,0,0,2.573363887698479,0.515216558229679
Kepler-55 d,2.957128197676813,0.2013971243204515,0.3446097202044358,-1.537602002101044,3.6540802353065707,-0.19997064075586568,-0.22040350874217546,4.68,1.146128035678238,1,5,285.1683291,44.0264898,16.92531,74.25808,66.01988,297.57113,1.1971702471060008,-0.44977164694490596,-0.355,1.145196406114182,1.1257739498508854,1.1234923014226517,1.1775538136504642,-2.2006594505464183,-0.0063,1,0,0,0,0,0,2.9959129077056073,2.205412638258193
Kepler-550 b,2.8819549713396007,0.6232492903979004,0.9345045616229437,-1.1191864077192086,3.7206553565517244,-0.10623823794205658,-0.08618614761628333,4.5,1.1398790864012365,1,1,297.7001786,47.8637046,10.67286,81.63717,66.43998,321.27721,1.1651255690882287,-1.0969100130080565,-0.08,1.1171718275142668,1.1030164903283153,1.0990587890680543,1.142886680107691,-2.1191864077192086,-0.0076,1,0,0,0,0,0,2.9203889123227893,1.9033166567269217
Kepler-561 b,2.637489729512511,0.8129133566428556,1.7661308359838308,-0.5543957967264024,3.7394141026986953,-0.07262963696097648,-0.045757490560675115,4.46,1.021189299069938,1,2,293.7471107,45.1071981,11.79362,77.85752,65.08645,312.42728,1.1591760317934696,-1.0969100130080565,-0.08,1.1159764294548176,1.1034616220947047,1.0998532198843816,1.139847614646311,-2.0809219076239263,-0.0083,1,0,0,0,0,0,2.676966681501161,0.9296277334404093
Kepler-563 b,2.7234556720351857,0.5314789170422551,1.34604596452714,-0.8507808873446201,3.7100326990657537,-0.12033079436794646,-0.11350927482751812,4.54,1.1367205671564067,1,1,292.4461832,46.2897548,13.13135,78.53249,66.52589,311.47588,1.1732154147148859,-1.0969100130080565,-0.08,1.1257414391287155,1.1082605049764735,1.1062929121756575,1.1507380241561471,-2.1870866433571443,-0.0065,1,0,0,0,0,0,2.761901931043907,1.269368731611392
Kepler-568 b,2.637489729512511,0.42160392686983106,1.0423164728441914,-1.1079053973095196,3.58849580100721,-0.28483264215154214,-0.29929628285498067,4.75,1.146128035678238,1,1,298.1061315,48.4016448,10.69666,82.24963,66.78801,322.51575,1.1823004995933386,-0.8181564120552275,-0.152,1.072029200827922,1.0477809247411964,1.0399294141085604,1.1196879886648115,-2.1311910427638354,-0.0073928,1,0,0,0,0,0,2.676033783954082,0.9258961432520917
Kepler-570 b,3.0,0.3979400086720376,0.6336371916515403,-1.3098039199714864,3.736157375273132,-0.07572071393811836,-0.07058107428570728,4.51,0.9294189257142927,1,1,290.4376111,48.7918597,15.40995,80.29149,69.35775,310.73001,1.1598979010340964,-0.9430951486635274,-0.114,1.1162755875805443,1.1044529673222911,1.1005428500124648,1.1398066979550479,-2.193820026016113,-0.0064,1,0,0,0,0,0,3.039002223835624,2.37776990277826
Kepler-577 b,2.6693168805661123,0.37474834601010387,1.4098650165608353,-0.8041003475907662,3.7038929536325447,-0.10568393731556154,-0.16241156176448873,4.66,-0.09691001300805639,1,1,294.7119855,39.0737317,8.36644,72.76119,59.18605,309.31088,1.180555940703641,-1.337242168318426,-0.046,1.1283346367537161,1.1123368357453174,1.1092747382302952,1.1561673859240813,-1.9208187539523751,-0.012,1,0,0,0,0,0,2.7079707722652855,1.053644096496907
Kepler-596 b,2.8662873390841948,0.5078558716958309,1.3283802151206758,-0.8013429130455774,3.803047210491129,0.06295783408451022,0.037426497940623665,4.43,-0.3979400086720376,1,1,289.5006797,51.6857106,17.09529,82.82015,72.23987,312.72117,1.1500806862334934,-1.0969100130080565,-0.08,1.1164084806298993,1.1076169299917842,1.1043163645117278,1.133931511898122,-2.1487416512809245,-0.0071,1,0,0,0,0,0,2.9056653417038314,1.8444223742510903
Kepler-598 b,3.0203612826477078,0.14921911265537988,0.568404738623693,-1.3565473235138126,3.7197454925295768,-0.06854212931099495,-0.04431224968649419,4.458,1.089905111439398,1,2,293.1234493,40.9348005,10.30916,73.85727,61.34162,308.21098,1.1711118651804393,-1.4559319556497243,-0.035,1.127428777851599,1.1131743046343616,1.1116321117086,1.1517191068880865,-2.0457574905606752,-0.009,1,0,0,0,0,0,3.0590964551628383,2.4581468280871173
Kepler-599 b,2.776701183988411,0.42160392686983106,1.1946691617730225,-0.9507819773298184,3.711638538232349,-0.11918640771920865,-0.10790539730951958,4.54,1.1398790864012365,1,1,285.9115968,41.0695091,15.29828,71.62551,63.01954,297.09807,1.1780267882704327,-0.8632794328435932,-0.137,1.1306553490220306,1.1149777447853078,1.1130069400009353,1.156933607327931,-2.154901959985743,-0.007,1,0,0,0,0,0,2.8163102539621008,1.4870020232841674
Kepler-60 b,3.080987046910887,0.3424226808222063,0.8531880724540772,-1.1249387366083,3.790988475088816,0.04921802267018165,0.1673173347481761,4.16,0.6989700043360189,1,3,288.9612535,42.2650472,13.68998,73.69945,63.56774,302.69285,1.1445742076096164,-0.8632794328435932,-0.137,1.1073456654720948,1.099300726233463,1.0974655544741556,1.1294610863273662,-2.1426675035687315,-0.0072,1,0,0,0,0,0,3.1203499364866563,2.703160753382389
Kepler-616 c,2.603144372620182,0.5314789170422551,1.9562221855030106,-0.40011692792631215,3.7759015788916743,0.010723865391773066,-0.036212172654444715,4.52,-0.3979400086720376,1,3,294.989137,46.8383058,11.81086,79.83355,66.32907,316.03227,1.1766988461185717,-1.2365720064370627,-0.058,1.140319451670128,1.1274935447567824,1.1286577004314147,1.160219348091515,-2.1739251972991736,-0.0067,1,0,0,0,0,0,2.6410873822472105,0.7861105364246059
Kepler-619 b,3.030194785356751,0.47712125471966244,0.7327380831553779,-1.207608310501746,3.7866804531966487,0.029383777685209667,-0.00877392430750515,4.49,-0.3979400086720376,1,3,290.8490899,48.4159782,15.00864,80.05008,68.90511,311.01676,1.1714339009430084,-1.337242168318426,-0.046,1.1328677883190843,1.1226417696255364,1.1235576580039492,1.1526246394476192,-2.161150909262745,-0.0069,1,0,0,0,0,0,3.0693310720133713,2.499085295489251
Kepler-625 c,3.1048284036536553,0.08635983067474821,0.6196641152592298,-1.2676062401770316,3.78710609303657,0.08742645703628549,0.0788191830988487,4.37,0.10720996964786837,1,2,292.1504723,39.6375254,10.38327,72.33987,60.34339,305.92754,1.1269427179442277,-1.0969100130080565,-0.08,1.0864666112715824,1.0769315745556556,1.0757293997408985,1.1080743050125612,-2.0969100130080562,-0.008,1,0,0,0,0,0,3.1435522303941124,2.795969929012214
Kepler-633 c,2.9339931638312424,0.4623979978989561,1.3762779573631483,-0.7569619513137056,3.799753966411886,0.10037054511756291,0.22271647114758325,4.09,0.546542663478131,1,2,295.2173259,40.5921599,8.74621,74.29882,60.48747,311.04916,1.1402565696774165,-1.0969100130080565,-0.08,1.094715634328187,1.0828212609393293,1.07838430874819,1.1178345185437473,-0.958607314841775,-0.11,0,0,0,0,0,0,2.9728266033621327,2.1130674208842946
Kepler-634 b,3.093421685162235,0.22271647114758325,0.7134474475188141,-1.207608310501746,3.8116420214531512,0.0762762554042176,0.06818586174616162,4.38,-0.05060999335508721,1,1,291.19509,40.7027352,11.51067,72.98129,61.57958,305.15819,1.1343683846033787,-1.0362121726544447,-0.092,1.097292024091896,1.0870712059065355,1.0849335749367162,1.1172116175046962,-2.113509274827518,-0.0077,1,0,0,0,0,0,3.1327725332967074,2.7528511406225933
Kepler-638 b,3.0696680969115957,0.4471580313422192,0.7838770779291765,-1.2006594505464183,3.738780558484369,-0.042871802323186915,0.17318626841227402,4.05,1.146128035678238,1,1,284.9194213,41.6172093,16.19611,71.85484,63.72751,295.77113,1.1353871083823863,-1.1611509092627446,-0.069,1.0856829431946151,1.07059193151204,1.0675543766935036,1.1131876910191576,-2.2006594505464183,-0.0063,1,0,0,0,0,0,3.108936843683318,2.6575083821690346
Kepler-662 b,2.6866362692622934,0.3979400086720376,1.3359971741229455,-0.8664610916297825,3.690196080028514,-0.14387555575769967,-0.16304326294044955,4.62,1.0413926851582251,1,1,290.4650801,47.9291252,15.0438,79.48167,68.55523,309.84653,1.1930689160052728,-1.2441251443275085,-0.057,1.1401936785786313,1.123786328615372,1.120606831056773,1.1684856978954956,-2.1804560644581312,-0.0066,1,0,0,0,0,0,2.7251384200927826,1.122314687806894
Kepler-68 b,3.1072099696478683,0.36361197989214433,0.732294262820124,-1.2097148359667584,3.762903528499057,0.033021444682910656,0.0944711286416448,4.281,0.7993405494535817,2,4,291.0323102,49.0402129,15.15359,80.69124,69.42897,312.03005,1.0033312585613268,-2.3979400086720375,-0.004,0.9530344572503567,0.9376181793938235,0.933892035764211,0.9781339339585196,-2.221848749616356,-0.006,2,0,3,0,0,2,3.098229936522861,2.6146807535272085
Kepler-685 b,3.182984967003582,0.9395192526186185,0.21099323371918124,-1.585026652029182,3.7491176623563223,-0.060480747381381476,-0.004364805402450088,4.39,1.0530784434834197,1,1,293.8719143,38.4229184,8.63764,71.86863,58.77699,307.70417,1.181443395541898,-1.2441251443275085,-0.057,1.1353235081066773,1.1256438923573917,1.1240801568797,1.160375479486067,-1.9546770212133426,-0.0111,1,0,0,0,0,0,3.2226820113892907,3.112489052992927
Kepler-686 b,3.1956229435869368,1.08278537031645,0.20269116476039542,-1.5686362358410126,3.776192514747072,0.004321373782642578,-0.017728766960431602,4.48,0.3010299956639812,1,1,285.213819,39.027466,14.99461,69.46155,61.1532,294.99098,1.2046625117482188,-0.8996294548824371,-0.126,1.1568519010700111,1.1442939271985308,1.1435456272384221,1.1767740120822234,-2.1487416512809245,-0.0071,1,0,0,0,0,0,3.234879674906965,3.1612797070636236
Kepler-69 c,2.5118833609788744,0.2528530309798932,2.3846506687808735,-0.13076828026902382,3.7558748556724915,-0.039053804266168564,-0.0039263455147246756,4.399,0.9912260756924949,1,2,293.2609013,44.8688656,11.99414,77.48226,64.99488,311.4598,1.1419511958627528,-1.0362121726544447,-0.092,1.1014377351388491,1.0893398077710312,1.0875684761617836,1.122599199279638,-2.050609993355087,-0.0089,1,0,0,0,0,0,2.5025292487692434,0.2318780025127375
Kepler-691 b,2.690196080028514,0.359835482339888,0.9092546997874874,-1.193820026016113,3.5949447366950835,-0.2765443279648142,-0.29328221766324125,4.75,1.1430148002540952,1,1,288.8117314,40.0332311,12.86404,71.56598,61.4561,301.10761,1.2201080880400552,-0.6989700043360187,-0.2,1.1272668183188983,1.104589527179372,1.096631975558161,1.16887739863303,-2.124782418730345,-0.0075027,1,0,0,0,0,0,2.7284470665911216,1.1355492738002502
Kepler-702 b,2.8549130223078554,0.9242792860618817,1.0222754833432257,-1.0506099933550872,3.731427587050948,-0.07572071393811836,-0.09151498112135022,4.55,0.8195439355418687,1,1,293.8781041,41.6617245,10.13841,74.77781,61.83792,309.84392,1.1885629041579056,-0.9871627752948278,-0.103,1.1451342263614945,1.131361989115943,1.1300763325171639,1.168509268830747,-2.1191864077192086,-0.0076,1,0,0,0,0,0,2.8942085188874187,1.7985950829854398
Kepler-704 b,3.042181594515766,0.3222192947339193,0.5754013590551618,-1.3467874862246563,3.746400644491561,-0.05551732784983137,-0.045757490560675115,4.47,0.9242792860618817,1,1,283.3163671,41.8370942,17.38918,71.60711,64.20642,293.22313,1.1890409079090098,-1.337242168318426,-0.046,1.1447298408246498,1.1343683846033787,1.1321635960508643,1.1678369953454701,-2.1739251972991736,-0.0067,1,0,0,0,0,0,3.080149068043154,2.5423572796083804
Kepler-714 b,2.9809119377768436,0.9138138523837167,0.9084250392052101,-1.0915149811213503,3.7903555464143865,0.037426497940623665,0.0,4.47,-0.5228787452803376,1,1,282.6994685,43.2727437,18.32302,72.84822,65.7057,292.89137,1.1883659260631483,-1.2365720064370627,-0.058,1.1511859180860735,1.1422329917947138,1.1406651399767358,1.1703321358175482,-2.1426675035687315,-0.0072,1,0,0,0,0,0,3.019346462694664,2.29914685821442
Kepler-716 b,2.824776462475546,0.414973347970818,1.015850825703354,-1.0655015487564323,3.7131544018372984,-0.10237290870955855,-0.13076828026902382,4.6,0.7923916894982539,1,2,290.3931809,43.3638577,13.19467,75.17704,64.29401,305.73204,1.1850886427579197,-0.5606673061697374,-0.275,1.1357685145678222,1.1221831000938682,1.118430077122089,1.1633731015740765,-2.2006594505464183,-0.0063,1,0,0,0,0,0,2.863754461800605,1.6767788546381843
Kepler-733 b,2.747411807886423,0.38381536598043126,1.3187924625686676,-0.8477116556169435,3.73471984165568,-0.05650548409389743,-0.10790539730951958,4.6,-0.2218487496163564,1,1,293.0181882,45.9147063,12.6107,78.36431,66.02776,312.03076,1.1920375027132475,-0.8996294548824371,-0.126,1.1504801222703347,1.1375439945546526,1.1350690138234478,1.1715392426227584,-2.113509274827518,-0.0077,1,0,0,0,0,0,2.787856396528994,1.3731865935517409
Kepler-735 b,2.7867514221455614,0.43136376415898736,1.0612674498316192,-1.0362121726544447,3.705007959333336,-0.10347378251044466,-0.16115090926274472,4.66,-0.1549019599857432,1,1,284.6888328,46.1721391,18.01603,76.22744,68.17885,298.18622,1.1901074883140452,-0.7958800173440752,-0.16,1.1442627737619906,1.1302050695810688,1.1288191421945104,1.1697919538760315,-2.1804560644581312,-0.0066,1,0,0,0,0,0,2.8257720167487883,1.5248490744309178
Kepler-751 b,2.82865989653532,0.5314789170422551,1.2416677374130771,-0.9030899869919435,3.7427251313046983,-0.07109230975604734,-0.022276394711152253,4.41,1.089905111439398,1,1,294.8438103,44.0776872,10.62831,77.28825,63.83753,313.19662,1.1821577663347813,-0.9430951486635274,-0.114,1.1356731944192369,1.1223141979688063,1.11806622171401,1.1592332235301204,-2.0604807473813813,-0.0087,1,0,0,0,0,0,2.866365353164696,1.6872224200945494
Kepler-755 c,3.0132586652835167,0.146128035678238,0.4553223213829654,-1.4436974992327127,3.7065471026403576,-0.12493873660829995,-0.11918640771920865,4.55,1.146128035678238,2,2,296.8609348,41.0973178,7.9012,75.35254,60.51882,313.77425,1.1546369595184198,-0.826813731587726,-0.149,1.0956922828397921,1.0777674903820569,1.0747798823319326,1.1279142943715932,-1.9956786262173574,-0.0101,2,0,0,0,0,0,3.0520360741167116,2.4299053039026117
Kepler-758 d,2.9143431571194407,0.292256071356476,1.3116816138670635,-0.7986028756795485,3.824646414718352,0.10380372095595687,0.09342168516223506,4.36,-0.3372421683184259,1,4,293.0846115,41.1354049,10.42657,74.02528,61.5408,308.29007,1.1577286837114502,-0.826813731587726,-0.149,1.1261314072619844,1.118793627944349,1.1176026916900843,1.144642693095504,-2.1079053973095196,-0.0078,1,0,0,0,0,0,2.9538921208588462,2.037329490871149
Kepler-759 b,2.724275869600789,0.38021124171160603,1.6213099781790992,-0.6307841425898572,3.7708520116421442,-0.00877392430750515,-0.01322826573375516,4.45,0.6127838567197355,1,1,290.1314231,41.3814345,12.52759,73.25192,62.46723,303.95919,1.1637277359589047,-0.8996294548824371,-0.126,1.1247323977200294,1.1142439136889073,1.112839510845115,1.1554605376162987,-2.214670164989233,-0.0061,1,0,0,0,0,0,2.7628633757897973,1.2732145105949542
Kepler-765 b,2.808885867359812,0.35602585719312274,1.4419394655296904,-0.7423214251308154,3.782329268996837,0.013258665283516512,0.021189299069938092,4.41,0.5563025007672873,1,1,283.1846044,47.1557114,19.32312,76.82872,69.40065,296.15389,1.1675831479658407,-1.1611509092627446,-0.069,1.1299153575044223,1.1195198178681947,1.1197506238845842,1.1505599654115584,-2.154901959985743,-0.007,1,0,0,0,0,0,2.847318056816816,1.6110332347030285
Kepler-776 b,2.924795995797912,0.17609125905568124,0.689941987756092,-1.2924298239020637,3.700963178159549,-0.13076828026902382,-0.1366771398795441,4.57,1.1335389083702174,1,1,287.2726117,41.6356009,14.5822,72.58052,63.31032,299.60414,1.192065410979292,-0.3851027839668654,-0.412,1.1422016901635135,1.1279142943715932,1.1244716189194877,1.1699182522218041,-2.1249387366083,-0.0075,1,0,0,0,0,0,2.9620729458904114,2.0700527909974102
Kepler-799 c,2.863322860120456,0.3053513694466238,1.1816924157287874,-0.9172146296835499,3.7764105888073423,0.012837224705172217,-0.03151705144606486,4.51,-0.3010299956639812,1,2,287.1748966,44.8784754,15.91971,75.64356,66.44517,301.57005,1.1808710516505438,-0.9393021596463883,-0.115,1.145165317350655,1.1335708406140395,1.1311051620937314,1.1661339703051092,-1.6989700043360187,-0.02,0,0,0,0,0,0,2.9024928036456874,1.8317322220185133
Kepler-803 b,2.6766936096248664,0.505149978319906,1.7014451910074286,-0.5917600346881504,3.7501225267834,-0.05354773498692691,-0.026872146400301365,4.44,0.9542425094393249,1,1,299.2216728,44.6939033,8.19102,79.37192,63.13404,320.16656,1.1416378746732714,-1.0362121726544447,-0.092,1.0939467238905831,1.0818511715174541,1.0789278336807195,1.1181092386955627,-2.0555173278498313,-0.0088,1,0,0,0,0,0,2.715799896646927,1.0849605940234721
Kepler-81 d,2.630427875025024,0.14301480025409505,1.318855616864873,-0.8927900303521317,3.6532125137753435,-0.18842499412940666,-0.22621355501880647,4.7,0.8325089127062363,1,3,293.6369437,42.8248275,10.83017,75.7459,62.99092,310.35171,1.1834976105593524,-1.0362121726544447,-0.092,1.1195198178681947,1.0995770609167084,1.0931414047511496,1.153787434353137,-2.1307682802690238,-0.0074,1,0,0,0,0,0,2.6697341771616085,0.9006977160821987
Kepler-813 b,2.840106094456758,0.3424226808222063,1.281706343077884,-0.8477116556169435,3.7811807209372614,0.021189299069938092,-0.017728766960431602,4.5,-0.3010299956639812,1,1,285.6626752,48.4353251,18.19746,78.70044,70.14891,301.83107,1.1657190298008322,-0.8632794328435932,-0.137,1.13026942380537,1.1149777447853078,1.1180000334212807,1.1484422323323713,-2.221848749616356,-0.006,1,0,0,0,0,0,2.8794055909851197,1.7393833713762443
Kepler-820 b,2.6972293427597176,0.9344984512435677,2.1066426413781576,-0.28066871301627333,3.7939300067726847,0.07188200730612536,0.2355284469075489,4.04,0.6812412373755872,1,1,291.0201523,39.2206091,10.97902,71.5641,60.2027,303.99708,1.1502958128255383,-0.8996294548824371,-0.126,1.1085988459735667,1.0998187096152303,1.09795107099415,1.129644785088753,-2.070581074285707,-0.0085,1,0,0,0,0,0,2.735262012454198,1.1628090572525562
Kepler-825 b,3.1172712956557644,0.14921911265537988,0.5767653003164553,-1.3098039199714864,3.798650645445269,0.04921802267018165,0.037426497940623665,4.41,0.13033376849500614,1,2,294.769825,39.3984081,8.48096,73.07163,59.47832,309.60167,1.155214539497588,-1.0362121726544447,-0.092,1.1162423579633352,1.1046919189002056,1.1027766148834413,1.1373351184853795,-2.050609993355087,-0.0089,1,0,0,0,0,0,3.1554992801209263,2.843758127919469
Kepler-828 b,3.2322335211147335,0.14921911265537988,-0.24576162811509103,-1.9208187539523751,3.705007959333336,-0.10734896612269966,-0.15552282425431863,4.64,0.414973347970818,1,1,286.8872555,42.4712271,15.17564,73.25742,64.19184,299.4793,1.1867868767332486,-0.7375489102695706,-0.183,1.1330916102547082,1.118793627944349,1.1136760118971,1.1597325786123975,-2.1739251972991736,-0.0067,1,0,0,0,0,0,3.2708893499019664,3.3053184070436306
Kepler-832 b,2.9708116108725178,0.3521825181113625,0.8536787471615287,-1.136677139879544,3.776192514747072,0.009875633712160119,-0.036212172654444715,4.52,-0.5228787452803376,1,1,295.9261101,45.383869,10.55971,78.82861,64.73623,316.01025,1.2041471252128477,-1.0915149811213503,-0.081,1.166785219735433,1.1551841596940076,1.1521965823342093,1.1865636551768732,-2.1023729087095586,-0.0079,1,0,0,0,0,0,3.009658424079224,2.2603947037526604
Kepler-834 b,2.69196510276736,0.26951294421791633,1.1246382094436222,-1.0177287669604316,3.6549462265843444,-0.1817741063860445,-0.23284413391781958,4.72,0.2041199826559248,1,1,287.0544674,45.1803351,16.11418,75.89955,66.7587,301.58932,1.2098098057853794,-0.7099653886374819,-0.195,1.1512778939041228,1.1335708406140395,1.1298187438489342,1.1819464349853965,-2.1870866433571443,-0.0065,1,0,0,0,0,0,2.7306219688252527,1.1442488827367745
Kepler-84 c,2.9143431571194407,0.38021124171160603,1.1100009939315996,-0.9665762445130504,3.7790912038454993,0.00860017176191757,0.012837224705172217,4.42,0.6020599913279624,1,5,298.2520208,40.4960842,6.68858,75.35385,59.57181,315.29125,1.17376882313665,-1.0362121726544447,-0.092,1.1329957006922653,1.1216911303075767,1.1203435624380247,1.1553815904411961,-2.207608310501746,-0.0062,1,0,0,0,0,0,2.952031364174213,2.0298864641326153
Kepler-84 d,3.0773679052841563,0.09342168516223506,0.625774080800759,-1.2924298239020637,3.7790912038454993,0.00860017176191757,0.012837224705172217,4.42,0.6020599913279624,1,5,298.2520208,40.4960842,6.68858,75.35385,59.57181,315.29125,1.17376882313665,-1.0362121726544447,-0.092,1.1329957006922653,1.1216911303075767,1.1203435624380247,1.1553815904411961,-2.207608310501746,-0.0062,1,0,0,0,0,0,3.114958153868719,2.6815936229106416
Kepler-841 b,2.4983105537896004,0.7160033436347992,2.094888416821474,-0.3269790928711038,3.7405995128111567,-0.04672366333269562,-0.10237290870955855,4.59,-0.3010299956639812,1,1,284.2513637,48.8095962,19.20216,78.73264,70.79157,299.51869,1.1984096335377612,-0.640164517660112,-0.229,1.160288413131288,1.1473671077937864,1.1438887581092747,1.181540619034898,-2.1804560644581312,-0.0066,1,0,0,0,0,0,2.5361360306115315,0.3663051298818901
Kepler-848 b,2.9907826918031377,0.146128035678238,0.8395598077124798,-1.154901959985743,3.7704101315139065,-0.01322826573375516,-0.004364805402450088,4.43,0.6901960800285137,1,1,293.2882949,48.8116114,13.71305,81.12202,68.60044,315.52179,1.152104800892868,-1.0362121726544447,-0.092,1.1085650237328344,1.096353759993295,1.094506066454455,1.1315063876002749,-2.1870866433571443,-0.0065,1,0,0,0,0,0,3.028912134525155,2.337409545536385
Kepler-85 b,2.910624404889201,0.29885307640970665,0.9193915084789487,-1.1023729087095586,3.7532765701844184,-0.026410376572743116,-0.07572071393811836,4.57,-0.2218487496163564,1,4,290.9734395,45.2902761,13.63209,77.15239,65.97078,308.19533,1.1728946977521761,-1.2441251443275085,-0.057,1.1320033929866318,1.1203106426364624,1.1167073413930888,1.1541987024251101,-2.167491087293764,-0.0068,1,0,0,0,0,0,2.9498360932897407,2.0211053805947277
Kepler-859 b,2.708420900134713,0.43136376415898736,1.3092391263973158,-0.8696662315049939,3.707314633588708,-0.09963287134352969,-0.1549019599857432,4.65,-0.1549019599857432,1,1,286.7418337,43.1901197,15.55426,73.90076,64.91304,299.68827,1.2034952351932908,0.05422990986339725,-1.133,1.1590857137143455,1.1444496608688994,1.1417005569973901,1.1840807185263096,-2.1739251972991736,-0.0067,1,0,0,0,0,0,2.747930195067936,1.2134817877075073
Kepler-861 b,2.967079734144497,0.3222192947339193,0.5965567428467873,-1.3565473235138126,3.7056926965377035,-0.12667939818460122,-0.12493873660829995,4.56,1.1398790864012365,1,1,292.3539624,46.2262465,13.16131,78.44535,66.4914,311.26735,1.2039299372446264,-0.543633966870957,-0.286,1.1501114251287818,1.1358955755640192,1.131361989115943,1.1754016312281912,-2.1870866433571443,-0.0065,1,0,0,0,0,0,3.004730415710062,2.2406826702760125
Kepler-874 b,2.749736315569061,0.505149978319906,1.6028021090429603,-0.6345120151091003,3.7825442840100103,0.01703333929878037,0.012837224705172217,4.43,0.4623979978989561,1,1,294.9568477,43.0142991,10.0603,76.37063,62.82039,312.48174,1.1709068089307477,-0.9430951486635274,-0.114,1.1317148784650681,1.1213299979360905,1.118595365223762,1.1527254772081155,-2.113509274827518,-0.0077,1,0,0,0,0,0,2.789452329636749,1.379570325982759
Kepler-890 b,2.7015679850559273,0.8692317197309762,1.7222954028512367,-0.549750891680639,3.7866804531966487,0.03342375548694973,-0.00877392430750515,4.49,-0.5228787452803376,1,1,288.435718,43.7634712,14.65155,74.94922,65.11286,302.86438,1.1828424585586923,-0.9393021596463883,-0.115,1.14789264483285,1.1401307783711343,1.1356096360286794,1.1667201387211916,-2.1804560644581312,-0.0066,1,0,0,0,0,0,2.740402362602818,1.1833704578470363
Kepler-909 b,2.9122220565324155,0.13987908640123647,1.1440387147314053,-0.9208187539523752,3.780821175853473,0.07003786660775509,0.05230909964732344,4.4,0.08635983067474821,1,1,289.5063796,45.3709728,14.60416,76.78743,66.39812,305.86196,1.0654303186203693,-1.7695510786217261,-0.017,1.024731889655249,1.013974177020916,1.0117395613883184,1.0459133743002211,-2.161150909262745,-0.0069,1,0,0,0,0,0,2.9506185283729245,2.0242351209274627
Kepler-914 b,3.072249897613515,0.17318626841227402,0.6444063854857527,-1.2596373105057561,3.7681939616330715,0.059563417901267686,0.06069784035361165,4.38,0.4623979978989561,1,1,290.4120774,44.8993227,13.82764,76.61586,65.73982,306.95705,1.1356731944192369,-0.8996294548824371,-0.126,1.096284178244864,1.0856829431946151,1.0838966027281738,1.117251403849907,-2.161150909262745,-0.0069,1,0,0,0,0,0,3.1115949627823576,2.6681408585651956
Kepler-915 b,3.127428777851599,0.13353890837021754,0.6622779544901383,-1.2441251443275085,3.809828961067886,0.07188200730612536,0.10037054511756291,4.31,0.37657695705651195,1,1,290.5921293,45.7372184,14.06204,77.45493,66.48299,307.96266,1.124308552615652,-1.2441251443275085,-0.057,1.0915262726310908,1.08278537031645,1.0806625563941825,1.1093321405962309,-2.1739251972991736,-0.0067,1,0,0,0,0,0,3.1653102315100243,2.8830019334758616
Kepler-924 b,2.718501688867274,0.34830486304816066,1.7856074099723909,-0.4962093169428189,3.8049567998574916,0.06557971472844842,0.04139268515822508,4.42,-0.3010299956639812,1,1,290.6685136,40.3977086,11.73741,72.52276,61.40753,304.16754,1.1551233937107124,-0.9871627752948278,-0.103,1.1177351793304966,1.1082266563749286,1.1053398398052863,1.1372496402209815,-2.1487416512809245,-0.0071,1,0,0,0,0,0,2.756991226627616,1.249725913946228
Kepler-925 b,2.5705429398818973,0.2764618041732441,1.5297813442053618,-0.7544873321858502,3.656960182742849,-0.19586056766464957,-0.21609642072726507,4.67,1.1430148002540952,1,1,290.1065581,40.4906242,12.16325,72.41955,61.62069,303.36613,1.204798038190855,-0.826813731587726,-0.149,1.1454450361378057,1.1272992150577075,1.125123272551998,1.1784848516737882,-2.1426675035687315,-0.0072,1,0,0,0,0,0,2.609389064191744,0.6593172642027405
Kepler-932 b,3.0909630765957314,0.12057393120584989,0.283624657630246,-1.5528419686577808,3.717087724927019,-0.10790539730951958,-0.09151498112135022,4.51,1.1398790864012365,1,1,296.9520797,43.2720233,8.90386,77.30447,62.50698,315.62838,1.155578931476932,-0.8632794328435932,-0.137,1.1048966299489655,1.0888799561080518,1.0867156639448825,1.1320290294484852,-1.8446639625349381,-0.0143,1,0,0,0,0,0,3.130984644414837,2.745699585095111
Kepler-94 b,2.998259338423699,0.526339277389844,0.3993376621151746,-1.4685210829577449,3.6799726942774185,-0.0893755951107988,-0.12090412049992724,4.59,0.785329835010767,1,2,281.1947316,47.4972606,20.71013,76.71253,70.05893,292.61499,1.1163088146554163,-1.1611509092627446,-0.069,1.048480647473502,1.0286119150662298,1.025059968599579,1.0855510054489266,-2.221848749616356,-0.006,1,0,0,0,0,2,3.0370146012259296,2.369819412339483
Kepler-942 b,2.558708570533166,0.2648178230095365,1.6528642630308144,-0.6635402661514705,3.675044735955893,-0.17005330405836405,-0.18442225167573273,4.64,1.146128035678238,1,1,294.9550809,44.1499518,10.59114,77.39112,63.87401,313.42665,1.1222158782728267,-1.0969100130080565,-0.08,1.059639138323725,1.0388982121145325,1.0351094029445755,1.0937437841752349,-2.214670164989233,-0.0061,1,0,0,0,0,0,2.597837168913364,0.6131096830892201
Kepler-958 b,2.9185545305502734,0.47712125471966244,0.9897969809665869,-1.0757207139381184,3.7408362070573116,-0.07572071393811836,-0.00877392430750515,4.38,1.1430148002540952,1,1,287.2566578,46.0667247,16.32186,76.80898,67.56086,302.62711,1.1433271299920464,-0.8632794328435932,-0.137,1.0967362604624689,1.083323418473525,1.0806625563941825,1.1212478805001993,-2.1804560644581312,-0.0066,1,0,0,0,0,0,2.9575430275922203,2.051933117804646
LHS 1140 b,2.3541084391474008,0.2380461031287954,1.3933510670365834,-1.0241088635982072,3.490800952010855,-0.7342390832823894,-0.6657473576657692,5.041,0.6989700043360189,1,2,11.248632,-15.2741085,-78.05159,115.40542,-18.45449,4.09847,1.150756439860309,-1.207608310501746,-0.062,0.9828138073143905,0.9586594270529333,0.9455178220778396,1.0530438522798833,-2.134967129866669,-0.0073288,1,0,0,0,0,3,2.353215130696676,-0.3653784697775303
NGTS-10 b,3.1245042248342823,1.1305539160755387,-0.1152644335147316,-1.8446639625349381,3.662757831681574,-0.15739076038943792,-0.1567672219019906,4.595,1.0170333392987803,1,1,91.8722801,-25.5948963,-20.48518,232.0045,-49.01744,92.57123,1.1615476731257275,-0.9430951486635274,-0.114,1.0931414047511496,1.0747433209410029,1.0692239572970528,1.1336985461157765,-2.1307682802690238,-0.0074,0,0,0,0,0,0,3.18993962771765,2.981519518306365
NGTS-11 b,2.6384892569546374,0.9617889256970669,1.5496815319193296,-0.6968039425795111,3.7032913781186614,-0.06449273417528721,-0.07987667370927608,4.5,0.5910646070264992,1,1,23.5214497,-14.4191493,-73.86688,163.08688,-22.47094,16.05193,1.0953785995600638,-1.0969100130080565,-0.08,1.0356298277904388,1.017075096376059,1.0134692323091703,1.0653369199486609,-2.214670164989233,-0.0061,1,0,0,0,0,0,2.694988438273381,1.0017147605292893
NGTS-21 b,3.132579847659737,1.173417762320402,0.18847559760624416,-1.6270879970298935,3.66838591669,-0.14266750356873156,-0.06550154875643228,4.63,1.000867721531227,1,1,311.2583112,-35.4278412,-37.53419,7.6079,-16.7492,304.13228,1.1904997796334886,-0.9871627752948278,-0.103,1.1342408759465898,1.1174370252826193,1.1123033033759302,1.1628600084698688,-2.221848749616356,-0.006,0,0,0,0,0,0,3.132412566546333,2.7514112736210965
OGLE-TR-182 b,3.1903316981702914,1.2168842039128276,0.599784853673271,-1.283579266153445,3.772615049849171,0.07445071895459124,0.1846914308175988,4.142,0.6334684555795865,1,1,167.3279228,-61.0952624,-0.63069,290.90669,-57.71098,208.01464,1.2283875247520912,-1.3362990746103518,-0.0461,1.1890128046002413,1.173157120153469,1.1684090835196261,1.206785411928036,-1.6595558851598817,-0.0219,0,2,1,0,0,0,3.1899838240542953,2.981696303652945
TOI-1244 b,2.854220996792953,0.3758673444530757,0.8062003310606111,-1.214670164989233,3.674125982742708,-0.1233203895807995,-0.14080163846612262,4.595,0.7708520116421442,1,1,256.279559,69.519093,34.50626,100.61547,84.09605,143.7819,1.0766040385836109,-1.0969100130080565,-0.08,1.003245054813147,0.9790929006383263,0.9741430999022149,1.0420120998960458,-2.221848749616356,-0.006,0,0,0,0,0,0,2.8942936717238656,1.7989356943312271
TOI-1249 b,2.8614686942049574,0.5146845405186715,1.1165795537755565,-0.9625735020593764,3.7401257369657306,0.0026843129897293583,-0.009439170005980012,4.457,0.6020599913279624,1,1,200.5615762,66.3085331,50.52804,118.07243,63.67513,148.02987,1.0448923834743598,-2.0457574905606752,-0.009,0.9793662423961612,0.9639766571820098,0.9602804644366421,1.0090597697044081,-2.221848749616356,-0.006,0,0,0,0,0,0,2.899926328712031,1.8214663222838885
TOI-125 d,2.8048887446223913,0.4668676203541095,1.3005954838899636,-0.8632794328435932,3.7259116322950483,-0.0660068361687577,-0.07160414774328619,4.516,0.8325089127062363,1,3,23.5934253,-66.6763495,-49.90031,296.35814,-64.89646,328.77939,1.0422998074136254,-2.0969100130080562,-0.008,0.9761665001319751,0.9596137587328589,0.9540011676815702,1.0085363002297922,-2.221848749616356,-0.006,0,0,0,0,0,0,2.804982700564804,1.4416918096949805
TOI-1288 b,3.0804244424976437,0.6962222793893572,0.43133608102473003,-1.4271283977995197,3.731427587050948,-0.01990568621470611,-0.018498511851753156,4.453,0.8129133566428556,1,2,313.1670294,65.6087833,13.28607,101.44251,72.82453,16.91308,1.0189084443163274,-2.154901959985743,-0.007,0.9634572601167075,0.9465505105698552,0.9434450490250305,0.9970012907379743,-2.214670164989233,-0.0061,0,0,0,0,0,0,3.1189759557444336,2.697664830413499
TOI-1470 b,2.8656960599160706,0.33845649360460484,0.4026212247626608,-1.5451551399914898,3.5692568333286103,-0.3269790928711038,-0.32882715728491674,4.77,0.11394335230683679,1,2,10.0891431,61.2133868,-1.62965,121.59773,50.4027,41.93817,1.129012793126035,-1.4436974992327127,-0.036,1.0066371590685863,0.9783631470838828,0.9676883504533126,1.05976026354607,-2.1367604372199094,-0.0072986,3,0,0,0,0,0,2.860654250401499,1.6643780090417601
TOI-1824 b,2.7231846665539323,0.43835670953249245,1.3580973532076726,-0.8210230527068306,3.7130703258556395,-0.05546797900801892,-0.09028354676565538,4.562,0.3979400086720376,1,1,197.7312286,61.7448492,55.23018,118.88933,59.94121,154.18327,0.9877109431303058,-2.5228787452803374,-0.003,0.9181876613589256,0.893206753059848,0.8896937914441853,0.9530538125619699,-2.221848749616356,-0.006,0,0,0,0,0,0,2.761673504545829,1.2684550256190816
TOI-2076 c,2.734927779647047,0.5675457811638938,1.3225361520474135,-0.8477116556169435,3.715334683792313,-0.06767846801070682,-0.09908693226233094,4.566,0.43136376415898736,1,4,217.3920159,39.7903991,66.0563,71.10629,50.60425,195.86501,0.9608986773266607,-2.6989700043360187,-0.002,0.8815558297933116,0.8566080684369362,0.8521749044203032,0.9229588869061106,-2.221848749616356,-0.006,1,0,0,0,0,0,2.7728804711892217,1.31328289219265
TOI-2095 b,2.5403294747908736,0.09691001300805642,1.2471097081489115,-0.9956786262173574,3.5750723257138124,-0.3565473235138126,-0.3565473235138126,5.11,0.0,1,2,285.6365235,75.4185135,25.49556,106.75582,79.85572,67.3355,1.1202447955463652,-0.6989700043360187,-0.2,0.9910931080488875,0.9631264410819047,0.9536630637470913,1.0444927223417229,-2.135144942084527,-0.0073258,3,0,0,0,0,0,2.577871402785187,0.5332466185765129
TOI-2193 A b,3.246252312299322,1.2975393877661447,0.3268627378284723,-1.478992747591396,3.7756832490260437,0.03422726077055066,0.09621458534640519,4.278,0.7403626894942439,2,1,313.691232,-72.8046404,-34.78162,320.93525,-52.32057,289.51365,1.0783117873349959,-1.6777807052660807,-0.021,1.0320947130529023,1.0196147156914173,1.01632285401379,1.0568896126662521,-2.221848749616356,-0.006,0,0,0,0,0,0,3.2465203412145467,3.207842372293952
TOI-2196 b,3.2695129442179165,0.5453071164658241,0.07726860585547461,-1.6509168312204097,3.7508168426497543,0.01367969729119256,0.018284308426530838,4.42,0.6532125137753437,1,1,312.3400744,-70.4850723,-35.17676,323.77267,-50.04584,290.50565,1.0897991730361642,-1.5528419686577808,-0.028,1.0311255757315654,1.019199401055288,1.0147724740730637,1.0555426899070097,-2.221848749616356,-0.006,0,0,0,0,0,0,3.268650838192827,3.296364360207073
TOI-2346 b,3.227629649571009,1.207325007520921,0.5226010859084469,-1.3251388592621884,3.8115750058705933,0.10414555055400815,0.13987908640123647,4.265,0.2787536009528289,1,1,88.0929073,-13.3724686,-19.03535,218.56355,-36.79641,87.67893,1.0922292421628566,-1.5086383061657274,-0.031,1.0414321646802651,1.033785516842231,1.0298705640039525,1.0628977199613743,-1.764471553092451,-0.0172,0,0,0,0,0,0,3.227317404421908,3.131030625123397
TOI-2529 b,2.803457115648414,1.0624033460500035,1.810198230235136,-0.4854522473397139,3.7635777244666455,0.045322978786657475,0.2304489213782739,4.03,0.8591382972945308,1,1,118.9945352,-52.3548332,-12.12178,266.05552,-69.87933,149.38374,1.0617916391840112,-1.744727494896694,-0.018,0.997167871445834,0.983175072037813,0.9772204466353853,1.0281359268181105,-2.214670164989233,-0.0061,0,0,0,0,0,0,2.8047617345452416,1.4408079456167306
TOI-260 b,2.6420587253936496,0.16817796805819532,1.1295550402260723,-1.0409586076789064,3.6074550232146687,-0.2608233680892701,-0.26217149410421536,4.7,1.2013971243204515,1,1,4.7730178,-9.9661505,-71.21935,97.4431,-11.03359,0.36673,0.9956351945975499,-1.5228787452803376,-0.03,0.867820908045573,0.8267225201689921,0.8161749904288016,0.9293729391580541,-2.221848749616356,-0.006,1,0,0,0,0,0,2.680082005721616,0.9420890303222298
TOI-3593 b,3.0681858617461617,1.04256121986104,0.5822096227595813,-1.3178549236261683,3.7442929831226763,0.006466042249231681,-0.03715731879875755,4.519,0.25527250510330607,1,1,331.506364,34.2116583,-17.22319,88.04036,42.28231,349.22165,1.08639542712425,-1.337242168318426,-0.046,1.030599721965951,1.0161555119514545,1.011401259924744,1.0602444268982252,-2.221848749616356,-0.006,0,0,0,0,0,0,3.0678752112559837,2.4932618524597
TOI-4463 A b,3.144574207609616,1.1225508660726067,0.4595010176584635,-1.3940488424351272,3.751279103983342,0.023663918197793475,0.026124516745450282,4.41,0.6127838567197355,2,1,279.3581286,18.7299522,11.4139,48.27767,41.78284,281.91438,1.042811691807148,-2.0969100130080562,-0.008,0.9913146981766108,0.9756156439045361,0.9732202468522337,1.0198346715239859,-2.214670164989233,-0.0061,0,0,0,0,0,0,3.1445992092932333,2.8001578446086977
TOI-4603 b,3.2245330626060857,1.067433840368264,0.8600977303405528,-1.0515870342213989,3.796851749049887,0.24674470972384135,0.43743344379797117,3.81,0.21484384804769785,1,1,83.8659288,21.2942417,-5.98612,185.2858,-2.02338,84.27872,0.9656719712201067,-1.5228787452803376,-0.03,0.9078948354162829,0.891425942847994,0.8913143993821431,0.9372871431274854,-2.207608310501746,-0.0062,0,0,0,0,0,0,3.2245954137791744,3.1201426625524618
TOI-5340 b,3.1947917577219247,1.1782884056776646,0.6936776440307715,-1.202040356262804,3.7774268223893115,0.13033376849500614,0.26528962586083016,4.036,0.5440680443502757,1,1,59.3094816,22.3783373,-23.16676,169.73224,1.89123,61.81766,1.0933866600013706,-1.0969100130080565,-0.08,1.0392157659039505,1.0291401797643218,1.0255925688516736,1.0685012602773296,-2.0315170514460648,-0.0093,0,0,0,0,0,0,3.194325239170731,2.999061964118687
TOI-5592 b,3.252610340567373,1.2342575521747232,0.41640492605642965,-1.4050552633049167,3.794975744051132,0.07700432679335026,0.1439511164239635,4.226,0.5563025007672873,1,1,106.6800684,65.857249,26.12646,149.96765,42.95156,99.22591,1.100852826657301,-1.0362121726544447,-0.092,1.0658037125750215,1.0573998172660624,1.0554930066778456,1.084075567778674,-2.1487416512809245,-0.0071,0,0,0,0,0,0,3.252712359635174,3.2326104459764604
TOI-5616 b,2.972665592266111,1.0326187608507198,0.30164820793622676,-1.5654310959658013,3.601625479553945,-0.17652577082969892,-0.1897674820049159,4.67,0.8573324964312685,1,1,184.9016378,48.6832895,67.57906,136.79772,45.35991,159.41535,1.2237554536572413,-0.6989700043360187,-0.2,1.1324518127290033,1.109308505246749,1.104998949299634,1.166953793372748,-2.1323557660969015,-0.007373,0,0,0,0,0,0,2.9726907122539896,2.1125238564517232
TOI-564 b,3.2340108175871793,1.058167040926569,0.21778495071782508,-1.5632014897681965,3.751279103983342,-0.0008694587126288914,0.03662889536216113,4.364,0.8633228601204559,1,1,130.2951535,-16.0363275,15.55381,240.62906,-33.02733,137.84302,1.0452055860350564,-1.853871964321762,-0.014,1.0019067040408849,0.9872192299080049,0.9824521513849896,1.028168489644215,-2.214670164989233,-0.0061,0,0,0,0,0,0,3.2344277222681233,3.159471896508258
TOI-712 d,2.496376054012401,0.39339969529310187,1.928598612246666,-0.467882883751196,3.6648299411430907,-0.13548891894160814,-0.17134010346468015,4.645,-0.08092190762392612,1,3,92.9361063,-65.8258386,-28.60732,275.57855,-88.60569,149.54368,1.034949146676372,-1.6777807052660807,-0.021,0.9534697432534014,0.9247443524799486,0.9197577805018942,0.995893939468424,-2.221848749616356,-0.006,0,0,0,0,0,0,2.496334757005951,0.2071000354595675
TOI-771 b,2.7219671637520984,0.15289959639374748,0.3666136313481261,-1.6840296545430822,3.5052856741441323,-0.6575773191777937,-0.6161846340195687,5.014,0.8260748027008264,1,2,164.1138903,-72.9851736,-11.9871,294.66043,-65.39283,227.47162,1.1728363601227105,-1.0969100130080565,-0.08,1.0214787322575272,0.9980412643634283,0.9851569212770566,1.082332894153905,-2.1350382460178996,-0.0073276,0,0,0,0,0,0,2.7224416101254914,1.11152744793773
TOI-815 c,2.6711728427150834,0.41830129131974547,1.5437719407204706,-0.7144426909922262,3.6874397745458944,-0.11013827874181155,-0.11350927482751812,4.51,-0.6989700043360187,2,2,155.8719377,-43.8349248,11.36084,276.65818,-48.82687,180.42768,1.0093233933810135,-2.3010299956639813,-0.005,0.9309999419561522,0.9066582176715998,0.9030356967884973,0.9712758487381052,-2.221848749616356,-0.006,0,0,0,0,0,0,2.671139908347851,0.906320640827167
TOI-908 b,3.119585774961784,0.5032457714651127,0.502944687142595,-1.3803120097209487,3.750199727829182,-0.022276394711152253,0.011993114659256938,4.45,0.6627578316815741,1,1,53.1594266,-81.250745,-33.63672,296.14549,-72.79049,287.95055,1.0536929387849532,-1.9208187539523751,-0.012,1.0017337128090005,0.9882913419074876,0.9839418589838882,1.0274026170114863,-2.221848749616356,-0.006,0,0,0,0,0,0,3.1295857157388873,2.7401038703913136
WASP-106 b,3.0569048513364727,1.0850049990766524,0.9680023904386408,-1.0376306643299789,3.782114147479071,0.0762762554042176,0.1439511164239635,4.226,0.8450980400142568,1,1,166.4296276,-5.0794854,48.89142,260.53098,-10.03206,169.51006,1.049605612594973,-1.744727494896694,-0.018,1.0200296335426993,1.0100454126360985,1.0069364513642927,1.0409976924234905,-2.193820026016113,-0.0064,0,0,0,0,0,0,3.0561384635756443,2.4463148617383426
WASP-113 b,3.1749315935284423,1.1984778622740078,0.6572632645514915,-1.2302535328205466,3.7701152947871015,0.11991541025799107,0.20628604441243248,4.2,0.7923916894982539,1,1,224.8728589,46.9600996,58.02919,79.82831,59.55445,197.34187,1.070444249972947,-1.2441251443275085,-0.057,1.0267783286595293,1.0141003215196205,1.0133007868568877,1.0488688957399306,-2.167491087293764,-0.0068,1,0,0,0,0,0,3.1716185091231934,2.9082350439285385
WASP-117 b,3.000434077479319,1.0585778491332252,1.0009392312020133,-1.0241547745324329,3.7808931086870787,0.05269394192496786,0.06818586174616162,4.28,0.6627578316815741,1,1,36.7758112,-50.2844247,-60.52943,271.16031,-59.08374,5.02072,1.0059951230546913,-2.3010299956639813,-0.005,0.9610887197678962,0.9474337218870508,0.9434945159061026,0.9841265874999401,-2.221848749616356,-0.006,0,0,0,0,0,3,3.0102968525459786,2.2629484176196786
WASP-119 b,3.2041199826559246,1.1956949048428895,0.39790352640328097,-1.4400933749638876,3.7520484478194387,0.00860017176191757,0.07918124604762482,4.26,0.9030899869919435,1,1,55.9336392,-65.19378,-43.3667,279.71955,-76.18595,349.81564,1.090399149255463,-1.2441251443275085,-0.057,1.0383816914676958,1.0257972413102916,1.0230465840755052,1.0645890065905221,-2.221848749616356,-0.006,0,0,0,0,0,0,3.194919184044797,3.0014377436149524
WASP-183 b,3.0457140589408676,1.2168842039128276,0.6140295634619629,-1.3342314492806202,3.725339815909737,-0.10568393731556154,-0.059981844992336796,4.452,1.173186268412274,1,1,163.7888521,-0.7370663,50.52829,253.08943,-7.05625,165.34587,1.116640945661129,-0.9871627752948278,-0.103,1.065915668188592,1.0518468383137358,1.0494893719335565,1.0911497161897779,-2.154901959985743,-0.007,0,0,0,0,0,0,3.045698043773481,2.404553182529689
WASP-57 b,3.09725730969342,1.0114435620220747,0.4531609562439617,-1.413412695328245,3.7481880270062002,-0.020451625295904902,-0.07779372256098363,4.574,0.414973347970818,1,1,223.8199788,-2.0576866,48.2726,353.50394,14.02223,221.99144,1.1110271510261749,-0.9871627752948278,-0.103,1.0653929615619915,1.0527708694748816,1.050920836935403,1.0888020868619497,-2.0268721464003012,-0.0094,0,0,2,0,0,4,3.0992309391094333,2.6186847638734982
WASP-95 b,3.1958996524092336,1.1322596895310446,0.3393864413415245,-1.4664821379830326,3.7505083948513462,0.045322978786657475,0.05307844348341968,4.38,0.38021124171160603,1,1,337.4578243,-48.0030988,-55.51383,346.13354,-35.43814,319.32702,1.003977241845537,-2.3979400086720375,-0.004,0.9511431601075526,0.9359101364305075,0.9326766586224007,0.977700747083,-2.221848749616356,-0.006,0,0,0,0,0,0,3.1935221113041745,2.995849452652463
CoRoT-7 b,,0.22530928172586284,-0.06875322534842596,-1.764471553092451,3.72222246396973,-0.03151705144606486,-0.060480747381381476,4.5,0.24303804868629444,1,3,100.9561682,-1.0630076,-2.17853,213.01042,-24.04666,102.00623,1.0692239572970528,-1.5686362358410126,-0.027,1.0128793871712898,0.9947569445876282,0.9914918889101594,1.0413768923444666,-2.214670164989233,-0.0061,3,0,2,0,0,0,3.2574512925448675,3.251566177615234
GJ 9827 b,,0.19783169332890285,0.08241979896750079,-1.7258421507363202,3.637489729512511,-0.21752737583371382,-0.22040350874217546,4.66,1.0,1,3,351.7717763,-1.2853435,-57.18299,81.34803,2.08221,351.93155,1.015778756389041,-1.5228787452803376,-0.03,0.9022205282793146,0.8679975103449512,0.8569100603007862,0.9575306682654003,-2.221848749616356,-0.006,2,1,0,0,0,0,3.0734424762291854,2.5155309123525056
GJ 9827 c,,0.09377178149872986,0.5620662225940892,-1.4061603389187287,3.637489729512511,-0.21752737583371382,-0.22040350874217546,4.66,1.0,1,3,351.7717763,-1.2853435,-57.18299,81.34803,2.08221,351.93155,1.015778756389041,-1.5228787452803376,-0.03,0.9022205282793146,0.8679975103449512,0.8569100603007862,0.9575306682654003,-2.221848749616356,-0.006,2,1,0,0,0,0,2.9136015703203895,1.8761672887173229
GJ 9827 d,,0.30578115125498223,0.7924946331078073,-1.2525105077413272,3.637489729512511,-0.21752737583371382,-0.22040350874217546,4.66,1.0,1,3,351.7717763,-1.2853435,-57.18299,81.34803,2.08221,351.93155,1.015778756389041,-1.5228787452803376,-0.03,0.9022205282793146,0.8679975103449512,0.8569100603007862,0.9575306682654003,-2.221848749616356,-0.006,2,1,0,0,0,2,2.836776654731689,1.5688676263625196
HAT-P-1 b,,1.183105777534869,0.6498496695649633,-1.2588484011482148,3.7763379096201755,0.04921802267018165,0.06069784035361165,4.45,0.5563025007672873,2,1,344.4453632,38.674919,-19.03641,99.79172,41.04188,4.29186,0.9924209560520242,-0.712198270069774,-0.194,0.9617057840025053,0.9505108929859966,0.9473356759487399,0.9894636116371156,-2.214670164989233,-0.0061,2,16,7,0,2,7,3.119344456090691,2.699138831798528
HAT-P-2 b,,1.041678356951601,0.7507713603704096,-1.1694113313148558,3.798650645445269,0.11327469246435044,0.16849748352303268,4.214,0.414973347970818,1,2,245.1514324,41.0479601,45.2323,65.02085,61.01151,229.15796,0.9405164849325672,-1.5228787452803376,-0.03,0.8918718304455838,0.8837749613552582,0.8809849904867534,0.9177512076536303,-2.214670164989233,-0.0061,3,2,5,2,3,2,3.1508384785838155,2.825114921771026
HAT-P-3 b,,0.9670797341444971,0.4623584603257625,-1.4127381503074659,3.7147487607250596,-0.03763066432997889,-0.09745322068600858,4.594,0.2041199826559248,2,1,206.0940142,48.028565,66.69255,100.16678,53.04755,177.53063,1.073938190635253,-1.6777807052660807,-0.021,0.997211582832505,0.9796394122229073,0.9753398846054584,1.0300489157005077,-2.214670164989233,-0.0061,1,24,3,0,1,4,3.055624651255391,2.4442596124573273
HAT-P-4 b,,1.1533705901206082,0.4852295152932375,-1.350665141287858,3.767897616018091,0.10037054511756291,0.2013971243204515,4.14,0.6232492903979004,2,1,229.99122,36.229545,57.3363,58.47975,52.00088,212.60518,1.046026669702541,-2.0,-0.01,1.0043213737826426,0.9928626713890276,0.9898946081706114,1.027374074380318,-2.193820026016113,-0.0064,1,10,1,0,2,0,3.227162174541848,3.1304097056031552
HAT-P-6 b,,1.1734193840818021,0.5857973182707458,-1.2810833139851387,3.8175653695597807,0.11058971029924898,0.1643528557844371,4.22,0.36172783601759284,1,1,354.7740917,42.4659866,-18.43512,108.96346,40.25321,15.72681,1.019905199804614,-2.3010299956639813,-0.005,0.9803670261847751,0.9749719942980689,0.9690896029549215,0.9998162980170804,-2.221848749616356,-0.006,0,6,1,0,1,0,3.223516880164171,3.1158285280924485
HD 106315 b,,0.34830486304816066,0.9800988603955179,-1.0451788169482068,3.798650645445269,0.029383777685209667,0.07188200730612536,4.29,0.6020599913279624,1,2,183.4724742,-0.3934357,61.03534,283.25037,1.01948,183.33896,0.9518715571283644,-2.5228787452803374,-0.003,0.9093420383613083,0.9010221732480791,0.8950355974523226,0.9326452162676567,-2.214670164989233,-0.0061,1,0,0,0,0,0,3.0404144832920372,2.3834189406039132
HD 106315 c,,0.5965970956264602,1.3234088717805323,-0.8164454663811384,3.798650645445269,0.029383777685209667,0.07188200730612536,4.29,0.6020599913279624,1,2,183.4724742,-0.3934357,61.03534,283.25037,1.01948,183.33896,0.9518715571283644,-2.5228787452803374,-0.003,0.9093420383613083,0.9010221732480791,0.8950355974523226,0.9326452162676567,-2.214670164989233,-0.0061,0,0,0,0,0,1,2.926047808008503,1.9259522394697766
HD 149026 b,,0.9099302597528307,0.4588794761168829,-1.3767507096020994,3.7886632131208575,0.11394335230683679,0.16136800223497488,4.26,0.3010299956639812,1,1,247.6229827,38.3475349,43.28357,61.29711,59.05972,234.49574,0.9111576087399766,-1.5228787452803376,-0.03,0.8523579836678271,0.8387861449465946,0.8337206904446333,0.8823081906252228,-2.221848749616356,-0.006,1,14,3,4,3,0,3.240955994758997,3.1855849864717523
HD 17156 b,,1.0580462303952818,1.326676402721162,-0.7920964696139484,3.785329835010767,0.09342168516223506,0.15836249209524964,4.22,0.4471580313422192,1,1,42.4366123,71.7530882,10.9937,131.99027,51.93437,67.98451,0.9122220565324155,-1.5228787452803376,-0.03,0.850033257689769,0.8361341494653748,0.8301393874253428,0.8828261056733759,-2.221848749616356,-0.006,1,27,8,1,0,0,2.9437927415849683,1.996931973775638
HD 18599 b,,0.414973347970818,0.616731225963823,-1.3187587626244128,3.7113853790984517,-0.06398920428479041,-0.11520463605101904,4.54,-0.3979400086720376,2,1,44.2620144,-56.1918694,-53.27814,273.92807,-66.46483,3.69825,0.9537596917332288,-1.5228787452803376,-0.03,0.8708718950677428,0.8468935433166251,0.8377777695537333,0.912732066258086,-2.221848749616356,-0.006,1,0,0,0,0,0,2.996395868104751,2.207344479854768
HD 63433 b,,0.32469391386177465,0.8517436248444148,-1.1463017882238256,3.75495958772171,-0.004364805402450088,-0.04000516167158381,4.52,-0.3829996588791011,1,3,117.4793699,27.3631342,24.14746,193.28189,6.21662,114.34078,0.8401280596626519,-1.6382721639824072,-0.023,0.7500453120117675,0.7290837570436118,0.7208205817703439,0.7971497735698023,-2.221848749616356,-0.006,0,1,0,0,0,0,2.991341326717433,2.187126314305497
HD 63433 c,,0.4015728456764459,1.3126805881640502,-0.8392314381388719,3.75495958772171,-0.004364805402450088,-0.04000516167158381,4.52,-0.3829996588791011,1,3,117.4793699,27.3631342,24.14746,193.28189,6.21662,114.34078,0.8401280596626519,-1.6382721639824072,-0.023,0.7500453120117675,0.7290837570436118,0.7208205817703439,0.7971497735698023,-2.221848749616356,-0.006,0,1,0,0,0,0,2.837806151674956,1.5729856141355893
HD 77946 b,,0.43216726944258826,0.8147323760479428,-1.1426675035687315,3.781468142841798,0.06818586174616162,0.11727129565576427,4.3,0.5854607295085007,1,1,136.777644,46.6724251,42.2578,173.22633,28.71782,124.7562,0.9537596917332288,-1.5228787452803376,-0.03,0.8978469315795717,0.884795363948981,0.8820689444361484,0.9273395609196515,-2.221848749616356,-0.006,0,0,0,0,0,0,3.0946709681736486,2.6004448801303583
K2-111 b,,0.2600713879850748,0.7284998752157934,-1.2441251443275085,3.761551988564182,-0.07572071393811836,0.09691001300805642,4.25,1.089905111439398,1,2,59.8903081,21.2985263,-23.55083,170.97857,0.72498,62.12843,1.0464951643347082,-1.4685210829577449,-0.034,0.989805650936826,0.9766708806248114,0.9720639160080223,1.019369728095873,-2.036212172654445,-0.0092,1,0,0,0,0,0,3.1153029929515665,2.6829729792420314
K2-136 c,,0.48144262850230496,1.2382393588242526,-0.9307760427029473,3.6398847419163043,-0.14874165128092473,-0.14874165128092473,4.63,-0.16241156176448873,2,3,67.4128615,22.8825674,-17.35063,174.77536,1.05393,69.26876,1.045362102653348,-1.2441251443275085,-0.057,0.9588504516796784,0.9292145037373939,0.9226216715231991,1.0051461795671321,-2.221848749616356,-0.006,6,0,0,0,0,0,2.7141353633469176,1.078302460823436
K2-265 b,,0.23299611039215382,0.3745965913007686,-1.4715975620463826,3.7385427409287852,-0.038578905933551705,-0.010105436281226938,4.419,0.9867717342662449,2,1,342.0316493,-14.4947789,-58.65451,50.42179,-6.36335,337.916,1.0487136380809696,-1.8239087409443189,-0.015,0.9879342652321587,0.9690429673058132,0.9665640840973104,1.0179594029377248,-2.1249387366083,-0.0075,1,0,0,0,0,0,3.1525222295309656,2.831849925559626
K2-3 b,,0.359835482339888,1.0023622062075974,-1.1095789811990857,3.583765368285,-0.20760831050174613,-0.2218487496163564,4.66,0.0,1,3,172.3353708,-1.4551364,55.25008,264.98752,-4.37792,173.53343,1.085219201044942,-2.0457574905606752,-0.009,0.9740970037941311,0.9447293603032957,0.9325244970505423,1.0230836488791835,-2.138059561328378,-0.0072768,0,0,0,0,0,2,2.710863909795967,1.0652166466196313
K2-3 c,,0.24797326636180664,1.3917531401862582,-0.8498578381514413,3.583765368285,-0.20760831050174613,-0.2218487496163564,4.66,0.0,1,3,172.3353708,-1.4551364,55.25008,264.98752,-4.37792,173.53343,1.085219201044942,-2.0457574905606752,-0.009,0.9740970037941311,0.9447293603032957,0.9325244970505423,1.0230836488791835,-2.138059561328378,-0.0072768,1,0,0,0,0,2,2.5810033382721445,0.5457743605243427
K2-3 d,,0.21748394421390627,1.6489221803227707,-0.6784015695346561,3.583765368285,-0.20760831050174613,-0.2218487496163564,4.66,0.0,1,3,172.3353708,-1.4551364,55.25008,264.98752,-4.37792,173.53343,1.085219201044942,-2.0457574905606752,-0.009,0.9740970037941311,0.9447293603032957,0.9325244970505423,1.0230836488791835,-2.138059561328378,-0.0072768,4,0,0,0,0,2,2.495275203963752,0.2028618232907722
K2-34 b,,1.2079293612599011,0.4764916506267917,-1.3516399890190685,3.7844033017530085,0.11727129565576427,0.22010808804005508,4.106,0.45939248775923086,1,1,127.5787231,22.2359194,31.13427,202.13873,3.17545,124.42388,1.0586916828192299,-1.7695510786217261,-0.017,1.0223458762698803,1.0110626947297348,1.0083020242120013,1.043417298271021,-2.214670164989233,-0.0061,0,0,0,0,0,0,3.2535107660021723,3.2358040714444547
K2-39 b,,0.9138138523837167,0.6632701856531421,-1.207608310501746,3.6885088076565213,0.1846914308175988,0.5888317255942073,3.44,0.4899584794248346,1,1,338.3682095,-9.0229405,-52.74736,55.42682,0.05348,336.64162,1.0346685558342408,-1.6020599913279623,-0.025,0.9581814975649479,0.9341953493478844,0.930235652766285,0.9988475920070718,-2.136677139879544,-0.0073,1,0,0,0,0,0,3.2699622514241002,3.3016100131321653
K2-99 b,,1.1601565794639004,1.2612390711825856,-0.7986028756795485,3.7774268223893115,0.2041199826559248,0.4913616938342727,3.67,0.38021124171160603,1,2,208.7737624,-5.4424943,53.97598,330.5855,5.9458,208.67834,1.047235915459681,-1.8860566476931633,-0.013,1.0010410579860936,0.9892272737305369,0.9876662649262746,1.0236351287836136,-2.0457574905606752,-0.009,0,0,0,0,0,0,3.1056425328658244,2.6443311388990614
KELT-6 b,,1.1214488764707768,0.8946251714333926,-1.0969100130080565,3.797406049676382,0.05153839051532738,0.1844074854123201,4.12,0.6901960800285137,1,2,195.9818362,30.640145,85.54996,85.77535,34.18175,181.00872,1.0158206342620693,-2.154901959985743,-0.007,0.9685763351754977,0.9608036249117697,0.9582293141883822,0.9932995274727686,-2.1426675035687315,-0.0072,0,0,2,0,0,0,3.1212982246061727,2.7069539058604546
KOI-12 b,,1.2049029066297132,1.2517655291432328,-0.8210230527068306,3.833784374656479,0.1619666163640749,0.21218760440395779,4.34,0.17609125905568124,1,2,297.4537402,41.0110188,7.46967,75.49897,60.27427,314.55164,1.0610753236297918,-1.853871964321762,-0.014,1.019573202095639,1.0122887398346065,1.0100454126360985,1.038659894302496,-2.214670164989233,-0.0061,1,0,0,0,0,2,3.0336231289314752,2.356253523161666
KOI-2513.01,,0.4475061292795812,1.278878614053965,-0.3010299956639812,3.7708520116421442,-0.040958607678906384,0.07918124604762482,4.3,0.9030899869919435,1,1,293.6688776,46.3792321,12.41248,78.99551,66.27977,313.50562,1.1735650178586616,-1.1611509092627446,-0.069,1.1385237372791581,1.1288191421945104,1.126033948051813,1.157891751375901,-2.221848749616356,-0.006,0,0,0,0,0,0,2.6441910582175496,0.7985252403059623
Kepler-10 b,,0.1673173347481761,-0.07702000693124492,-1.7734000947926425,3.756483964442609,-0.040958607678906384,0.027349607774756507,4.344,1.0253058652647702,1,3,285.679298,50.2414842,18.81626,80.48988,71.85007,303.69711,1.043087072166329,-1.6382721639824072,-0.023,0.9951523768914537,0.9805941557762202,0.9775407059465349,1.0202245080789898,-2.221848749616356,-0.006,2,0,2,0,0,0,3.340092241445911,3.582129973219409
Kepler-10 c,,0.37106786227173627,1.656043561837273,-0.6179829574251317,3.756483964442609,-0.040958607678906384,0.027349607774756507,4.344,1.0253058652647702,1,3,285.679298,50.2414842,18.81626,80.48988,71.85007,303.69711,1.043087072166329,-1.6382721639824072,-0.023,0.9951523768914537,0.9805941557762202,0.9775407059465349,1.0202245080789898,-2.221848749616356,-0.006,2,0,2,0,0,2,2.7623836727621556,1.2712956984843873
Kepler-11 b,,0.25527250510330607,1.013001635180825,-1.0409586076789064,3.753046561626529,-0.017276612331454656,0.027349607774756507,4.366,0.9294189257142927,1,6,297.1150949,41.9091092,8.13328,76.1613,61.2022,314.75543,1.1404137575910742,-1.0362121726544447,-0.092,1.0985745100257074,1.087674960036757,1.0856472882968566,1.1217764450081562,-1.7772835288524167,-0.0167,1,0,0,0,0,0,2.970434095072963,2.103497387727616
Kepler-11 c,,0.4578818967339923,1.1147477221029778,-0.9706162223147904,3.753046561626529,-0.017276612331454656,0.027349607774756507,4.366,0.9294189257142927,1,6,297.1150949,41.9091092,8.13328,76.1613,61.2022,314.75543,1.1404137575910742,-1.0362121726544447,-0.092,1.0985745100257074,1.087674960036757,1.0856472882968566,1.1217764450081562,-1.7772835288524167,-0.0167,1,0,0,0,0,0,2.935262902390905,1.962812616999384
Kepler-11 d,,0.4941545940184428,1.3557292112134942,-0.8096683018297085,3.753046561626529,-0.017276612331454656,0.027349607774756507,4.366,0.9294189257142927,1,6,297.1150949,41.9091092,8.13328,76.1613,61.2022,314.75543,1.1404137575910742,-1.0362121726544447,-0.092,1.0985745100257074,1.087674960036757,1.0856472882968566,1.1217764450081562,-1.7772835288524167,-0.0167,1,0,0,0,0,0,2.854788942148364,1.6409167760292203
Kepler-11 e,,0.6222140229662954,1.5051445496049527,-0.7099653886374819,3.753046561626529,-0.017276612331454656,0.027349607774756507,4.366,0.9294189257142927,1,6,297.1150949,41.9091092,8.13328,76.1613,61.2022,314.75543,1.1404137575910742,-1.0362121726544447,-0.092,1.0985745100257074,1.087674960036757,1.0856472882968566,1.1217764450081562,-1.7772835288524167,-0.0167,1,0,0,0,0,2,2.8049374855522506,1.4415109496447671
Kepler-11 f,,0.3961993470957364,1.6692127117959676,-0.6020599913279624,3.753046561626529,-0.017276612331454656,0.027349607774756507,4.366,0.9294189257142927,1,6,297.1150949,41.9091092,8.13328,76.1613,61.2022,314.75543,1.1404137575910742,-1.0362121726544447,-0.092,1.0985745100257074,1.087674960036757,1.0856472882968566,1.1217764450081562,-1.7772835288524167,-0.0167,1,0,0,0,0,0,2.750984786897491,1.225700155025728
Kepler-11 g,,0.5224442335063199,2.073280903681438,-0.3316140833099998,3.753046561626529,-0.017276612331454656,0.027349607774756507,4.366,0.9294189257142927,1,6,297.1150949,41.9091092,8.13328,76.1613,61.2022,314.75543,1.1404137575910742,-1.0362121726544447,-0.092,1.0985745100257074,1.087674960036757,1.0856472882968566,1.1217764450081562,-1.7772835288524167,-0.0167,1,0,0,0,0,0,2.6157618328885097,0.6848083389898029
Kepler-12 b,,1.2787307427469812,0.6471837456305171,-1.2549252084179425,3.7742979384992776,0.06669855042299526,0.17114115102838207,4.175,0.6020599913279624,1,1,286.2434458,50.0403671,18.40736,80.42341,71.53564,304.5532,1.129303107716051,-0.6635402661514705,-0.217,1.0936317768289476,1.0830365424119646,1.0815633209803857,1.1126519135281594,-2.1739251972991736,-0.0067,1,0,0,0,0,0,3.1705645439420422,2.904019183203933
Kepler-15 b,,1.0318122713303703,0.6939714564480604,-1.2430597639532759,3.7415455167762093,0.007747778000739948,-0.0034883278458213473,4.46,0.568201724066995,1,1,296.2005506,49.1400304,12.15252,82.30359,68.03226,320.5423,1.1401936785786313,-0.8632794328435932,-0.137,1.099611590392529,1.0892690930461493,1.0869290240483647,1.1218683036389057,-2.154901959985743,-0.007,1,0,0,0,0,0,3.044564660549539,2.40001964963392
Kepler-1655 b,,0.34498141392725795,1.0745560308291098,-0.9871627752948278,3.7887338588277073,0.012837224705172217,0.012837224705172217,4.36,0.4082399653118496,1,1,286.6895986,39.2120802,14.01685,70.10576,61.07392,297.38621,1.0431657202074538,-2.0,-0.01,1.0028137792246732,0.9933921374490026,0.99056082999402,1.0267007399770305,-2.214670164989233,-0.0061,0,0,0,0,0,0,2.97196728454731,2.1096301456250037
Kepler-18 b,,0.3010299956639812,0.5446539465058139,-1.3496924768680636,3.727947709544797,-0.012333735073725434,0.04453976039241098,4.31,1.0,1,3,298.0794448,44.746248,8.92007,79.0074,63.52628,318.57918,1.1389654782898269,-1.1611509092627446,-0.069,1.085968077046074,1.0745604678028955,1.070259577400575,1.1135389361277102,-2.214670164989233,-0.0061,1,0,0,0,0,0,3.1082972538946363,2.65495002301431
Kepler-18 c,,0.7395723444500919,0.8831837324476127,-1.1237821594083577,3.727947709544797,-0.012333735073725434,0.04453976039241098,4.31,1.0,1,3,298.0794448,44.746248,8.92007,79.0074,63.52628,318.57918,1.1389654782898269,-1.1611509092627446,-0.069,1.085968077046074,1.0745604678028955,1.070259577400575,1.1135389361277102,-2.214670164989233,-0.0061,1,0,0,0,0,2,2.9953420951647836,2.2031293880948986
Kepler-18 d,,0.8438554226231612,1.1719860753632485,-0.9310723883179282,3.727947709544797,-0.012333735073725434,0.04453976039241098,4.31,1.0,1,3,298.0794448,44.746248,8.92007,79.0074,63.52628,318.57918,1.1389654782898269,-1.1611509092627446,-0.069,1.085968077046074,1.0745604678028955,1.070259577400575,1.1135389361277102,-2.214670164989233,-0.0061,1,0,0,0,0,2,2.898987209619569,1.8177098459140393
Kepler-186 b,,0.029383777685209667,0.5895911549141583,-1.4647058799572295,3.578409970331236,-0.3205721033878811,-0.32605800136591223,4.77,0.6020599913279624,1,5,298.652736,43.9549884,8.17058,78.5199,62.63613,318.67235,1.1800685009012182,-1.0969100130080565,-0.08,1.0959709223437146,1.0727644210507505,1.0646451447919365,1.1348239221468386,-2.1377314339353255,-0.0072823,1,0,0,0,0,0,2.830967335346497,1.5456303488217515
Kepler-186 c,,0.09691001300805642,0.861373208109638,-1.3458234581220394,3.578409970331236,-0.3205721033878811,-0.32605800136591223,4.77,0.6020599913279624,1,5,298.652736,43.9549884,8.17058,78.5199,62.63613,318.67235,1.1800685009012182,-1.0969100130080565,-0.08,1.0959709223437146,1.0727644210507505,1.0646451447919365,1.1348239221468386,-2.1377314339353255,-0.0072823,1,0,0,0,0,0,2.7715261244289016,1.3078655051513712
Kepler-186 d,,0.146128035678238,1.1252533558308244,-1.1073489661226996,3.578409970331236,-0.3205721033878811,-0.32605800136591223,4.77,0.6020599913279624,1,5,298.652736,43.9549884,8.17058,78.5199,62.63613,318.67235,1.1800685009012182,-1.0969100130080565,-0.08,1.0959709223437146,1.0727644210507505,1.0646451447919365,1.1348239221468386,-2.1377314339353255,-0.0072823,1,0,0,0,0,0,2.652288878429232,0.8309165211526918
Kepler-186 e,,0.10380372095595687,1.3503973589351252,-0.958607314841775,3.578409970331236,-0.3205721033878811,-0.32605800136591223,4.77,0.6020599913279624,1,5,298.652736,43.9549884,8.17058,78.5199,62.63613,318.67235,1.1800685009012182,-1.0969100130080565,-0.08,1.0959709223437146,1.0727644210507505,1.0646451447919365,1.1348239221468386,-2.1377314339353255,-0.0072823,1,0,0,0,0,0,2.5779180527887693,0.5334332185908424
Kepler-20 e,,-0.06298389253518578,0.7852246525261579,-1.1944991418415998,3.7399676967595092,-0.023191662661933767,-0.0159680197288195,4.446,0.8808135922807914,2,6,287.6979913,42.3385782,14.57345,73.37692,63.90239,300.71449,1.1007150865730817,-1.1611509092627446,-0.069,1.0512297234931633,1.0378247505883418,1.0362694957428153,1.077814689792425,-2.1307682802690238,-0.0074,2,0,0,0,0,0,3.012466683535502,2.2716277415777717
Kepler-20 f,,0.001300933020418072,1.2917591133396131,-0.8551145817128577,3.7399676967595092,-0.023191662661933767,-0.0159680197288195,4.446,0.8808135922807914,2,6,287.6979913,42.3385782,14.57345,73.37692,63.90239,300.71449,1.1007150865730817,-1.1611509092627446,-0.069,1.0512297234931633,1.0378247505883418,1.0362694957428153,1.077814689792425,-2.1307682802690238,-0.0074,2,0,0,0,0,0,2.8427744034711306,1.5928586213202875
Kepler-23 b,,0.2787536009528289,0.8517046474523879,-1.1249387366083,3.760422483423212,0.045322978786657475,0.18184358794477254,4.0,0.7781512503836436,1,3,294.2189131,49.4792536,13.45799,82.01371,68.92985,317.84481,1.132483825000562,-0.7644715530924511,-0.172,1.0917724414196828,1.080878910341817,1.0791088576014363,1.112926582061599,-2.161150909262745,-0.0069,1,0,0,0,0,0,3.0970470714193508,2.609949293113167
Kepler-23 c,,0.505149978319906,1.031089190978044,-1.00436480540245,3.760422483423212,0.045322978786657475,0.18184358794477254,4.0,0.7781512503836436,1,3,294.2189131,49.4792536,13.45799,82.01371,68.92985,317.84481,1.132483825000562,-0.7644715530924511,-0.172,1.0917724414196828,1.080878910341817,1.0791088576014363,1.112926582061599,-2.161150909262745,-0.0069,1,0,0,0,0,0,3.0367601058164255,2.3688014307014673
Kepler-24 b,,0.38021124171160603,0.9109070844634617,-1.0969100130080565,3.7634279935629373,0.012837224705172217,0.029383777685209667,4.34,0.8864907251724818,1,4,290.4132621,38.3437283,11.01831,70.54989,59.49349,302.60374,1.1772478362556233,-1.0969100130080565,-0.08,1.1387131098760117,1.1285608065593205,1.126196367920531,1.1592001134426657,-2.1307682802690238,-0.0074,1,0,0,0,0,0,3.0098083146291725,2.260994265952455
Kepler-24 c,,0.4471580313422192,1.0910863381520286,-0.9746941347352298,3.7634279935629373,0.012837224705172217,0.029383777685209667,4.34,0.8864907251724818,1,4,290.4132621,38.3437283,11.01831,70.54989,59.49349,302.60374,1.1772478362556233,-1.0969100130080565,-0.08,1.1387131098760117,1.1285608065593205,1.126196367920531,1.1592001134426657,-2.1307682802690238,-0.0074,1,0,0,0,0,0,2.948700375492759,2.0165625094068016
Kepler-289 b,,0.33243845991560533,1.5383851970199125,-0.6777807052660807,3.7774268223893115,0.03342375548694973,0.0,4.47,-0.18708664335714442,1,4,297.4653351,42.8828517,8.38649,77.14669,62.00227,316.04309,1.1505108329079674,-1.1611509092627446,-0.069,1.1092747382302952,1.1002326519645063,1.0971878725708957,1.1306617782043744,-1.9871627752948278,-0.0103,1,0,0,0,0,0,2.799550600741954,1.4199634104035805
Kepler-289 c,,1.064083435963596,2.0998594314416086,-0.2924298239020636,3.7774268223893115,0.03342375548694973,0.0,4.47,-0.18708664335714442,1,4,297.4653351,42.8828517,8.38649,77.14669,62.00227,316.04309,1.1505108329079674,-1.1611509092627446,-0.069,1.1092747382302952,1.1002326519645063,1.0971878725708957,1.1306617782043744,-1.9871627752948278,-0.0103,2,0,0,0,0,0,2.6068751600599454,0.6492616476755463
Kepler-296 e,,0.17026171539495738,1.5332894668160408,-0.826813731587726,3.552911450216509,-0.34294414714289606,-0.37059040089728107,4.833,0.6232492903979004,2,5,286.5400278,49.4372614,18.01445,79.90117,70.90355,304.45792,1.213862930386819,0.05422990986339725,-1.133,1.1268130100415528,1.1074474095236093,1.100370545117563,1.1736785783123724,-2.154901959985743,-0.007,3,0,0,0,0,0,2.4642565412813338,0.07878717256109868
Kepler-296 f,,0.24303804868629444,1.8016506319316556,-0.5482135644757098,3.552911450216509,-0.34294414714289606,-0.37059040089728107,4.833,0.6232492903979004,2,5,286.5400278,49.4372614,18.01445,79.90117,70.90355,304.45792,1.213862930386819,0.05422990986339725,-1.133,1.1268130100415528,1.1074474095236093,1.100370545117563,1.1736785783123724,-2.154901959985743,-0.007,3,0,0,0,0,0,2.3249564577253254,-0.4784131616629336
Kepler-30 b,,0.5910646070264992,1.467376321371762,-0.744727494896694,3.7402047355074495,-0.004364805402450088,-0.022276394711152253,4.77,0.3010299956639812,1,3,285.2836483,38.9472625,14.91329,69.40712,61.06314,295.06471,1.196618271330244,-0.7099653886374819,-0.195,1.1460349626025017,1.1341133298423243,1.1329317492149147,1.1703321358175482,-2.070581074285707,-0.0085,0,0,0,0,0,0,2.7846637113198227,1.3604158527150556
Kepler-30 c,,1.089905111439398,1.7804836877964088,-0.5228787452803376,3.7402047355074495,-0.004364805402450088,-0.022276394711152253,4.77,0.3010299956639812,1,3,285.2836483,38.9472625,14.91329,69.40712,61.06314,295.06471,1.196618271330244,-0.7099653886374819,-0.195,1.1460349626025017,1.1341133298423243,1.1329317492149147,1.1703321358175482,-2.070581074285707,-0.0085,2,0,0,0,0,0,2.6737393365116446,0.9167183534823429
Kepler-30 d,,0.9444826721501687,2.1563793374625453,-0.3010299956639812,3.7402047355074495,-0.004364805402450088,-0.022276394711152253,4.77,0.3010299956639812,1,3,285.2836483,38.9472625,14.91329,69.40712,61.06314,295.06471,1.196618271330244,-0.7099653886374819,-0.195,1.1460349626025017,1.1341133298423243,1.1329317492149147,1.1703321358175482,-2.070581074285707,-0.0085,2,0,0,0,0,0,2.5628149617034666,0.47302085424963014
Kepler-33 b,,0.24054924828259971,0.7534244779901266,-1.1694113313148558,3.7711463488149852,0.11092624226642028,0.2600713879850748,4.027,0.6304278750250238,1,5,289.0775348,46.0051696,15.13411,77.26281,67.09587,305.68119,1.149188310536008,-1.0969100130080565,-0.08,1.1096122903084598,1.1010593549081156,1.1000602239311525,1.1309124421074745,-2.1487416512809245,-0.0071,1,0,0,0,0,0,3.169121134184553,2.8982455441739754
Kepler-33 c,,0.505149978319906,1.1197710607911033,-0.9248181453813084,3.7711463488149852,0.11092624226642028,0.2600713879850748,4.027,0.6304278750250238,1,5,289.0775348,46.0051696,15.13411,77.26281,67.09587,305.68119,1.149188310536008,-1.0969100130080565,-0.08,1.1096122903084598,1.1010593549081156,1.1000602239311525,1.1309124421074745,-2.1487416512809245,-0.0071,2,0,0,0,0,0,3.046824541217779,2.409059172306881
Kepler-33 d,,0.7283537820212285,1.3379773101096621,-0.7793689805519078,3.7711463488149852,0.11092624226642028,0.2600713879850748,4.027,0.6304278750250238,1,5,289.0775348,46.0051696,15.13411,77.26281,67.09587,305.68119,1.149188310536008,-1.0969100130080565,-0.08,1.1096122903084598,1.1010593549081156,1.1000602239311525,1.1309124421074745,-2.1487416512809245,-0.0071,2,0,0,0,0,0,2.9740999588030785,2.11816084264808
Kepler-33 e,,0.60422605308447,1.5022140175865606,-0.6699922991272408,3.7711463488149852,0.11092624226642028,0.2600713879850748,4.027,0.6304278750250238,1,5,289.0775348,46.0051696,15.13411,77.26281,67.09587,305.68119,1.149188310536008,-1.0969100130080565,-0.08,1.1096122903084598,1.1010593549081156,1.1000602239311525,1.1309124421074745,-2.1487416512809245,-0.0071,2,0,0,0,0,0,2.9194116180907455,1.8994074797987455
Kepler-33 f,,0.6493348587121419,1.6130911437357363,-0.5960220363306452,3.7711463488149852,0.11092624226642028,0.2600713879850748,4.027,0.6304278750250238,1,5,289.0775348,46.0051696,15.13411,77.26281,67.09587,305.68119,1.149188310536008,-1.0969100130080565,-0.08,1.1096122903084598,1.1010593549081156,1.1000602239311525,1.1309124421074745,-2.1487416512809245,-0.0071,2,0,0,0,0,0,2.8824264866924474,1.7514669542055543
Kepler-37 b,,-0.518557371497695,1.1260439548715466,-0.9986990669795819,3.733758835587203,-0.09528445472131904,-0.11350927482751812,4.5667,0.7781512503836436,1,4,284.0592503,44.5183733,17.84364,74.43727,66.69484,295.96068,0.9898946081706114,-2.3979400086720375,-0.004,0.921998431308271,0.9030899869919435,0.8999298827278641,0.9573103139057955,-2.221848749616356,-0.006,1,0,2,0,0,0,2.859587157382837,1.660109636967112
Kepler-37 c,,-0.12959609472097294,1.3284180561679622,-0.8639139026159026,3.733758835587203,-0.09528445472131904,-0.11350927482751812,4.5667,0.7781512503836436,1,4,284.0592503,44.5183733,17.84364,74.43727,66.69484,295.96068,0.9898946081706114,-2.3979400086720375,-0.004,0.921998431308271,0.9030899869919435,0.8999298827278641,0.9573103139057955,-2.221848749616356,-0.006,1,0,2,0,0,0,2.7921945752009973,1.3905393082397535
Kepler-37 d,,0.29885307640970665,1.599797808860654,-0.6827726508235797,3.733758835587203,-0.09528445472131904,-0.11350927482751812,4.5667,0.7781512503836436,1,4,284.0592503,44.5183733,17.84364,74.43727,66.69484,295.96068,0.9898946081706114,-2.3979400086720375,-0.004,0.921998431308271,0.9030899869919435,0.8999298827278641,0.9573103139057955,-2.221848749616356,-0.006,1,0,2,0,0,2,2.7016239493048357,1.0282568046551077
Kepler-410 A b,,0.4530123911214552,1.2512401902992107,-0.9115095298176038,3.7974752875373343,0.08421868673923877,0.13097669160561715,4.261,0.4409090820652177,2,1,283.1510448,45.1400838,18.66425,74.81395,67.45306,294.7388,0.9774949690730363,-2.5228787452803374,-0.003,0.9251573271758985,0.9133369259326233,0.9106244048892013,0.9557507497052764,-2.1870866433571443,-0.0065,6,0,0,0,0,2,3.001951823968547,2.2295683033099523
Kepler-412 b,,1.1717849405541212,0.23574585080025506,-1.528855034839367,3.7596678446896306,0.06707085604537019,0.10957854690438666,4.3,0.7075701760979364,1,1,286.1103053,43.6809612,16.1661,74.18899,65.50891,298.94865,1.1583323317089809,-1.0362121726544447,-0.092,1.1202447955463652,1.1116656959395186,1.1084635412035952,1.1400238271064267,-2.207608310501746,-0.0062,1,0,0,0,0,0,3.2621180612811096,3.2702332525602027
Kepler-432 b,,1.1083723558405583,1.7201686427049674,-0.5214335044061567,3.698535492562001,0.12057393120584989,0.608526033577194,3.345,0.6232492903979004,2,2,293.2822344,48.2859173,13.48812,80.63315,68.12667,314.90383,1.0933516320155547,-1.2441251443275085,-0.057,1.0287338793493352,1.0094933882875399,1.005223424858136,1.0637648115101286,-2.1739251972991736,-0.0067,2,0,0,0,0,0,2.9467486872732787,2.0087557565288794
Kepler-454 b,,0.37474834601010387,1.024229177204791,-1.0204516252959048,3.755951041004132,0.011993114659256938,0.027757204690553483,4.37,0.7201593034059569,2,3,287.4786474,38.2290751,13.05368,69.4411,59.97284,298.12714,1.0632207355819945,-1.6777807052660807,-0.021,1.0152339762467084,1.0009110621312234,0.9986080293150944,1.040408486021251,-2.214670164989233,-0.0061,4,0,0,0,0,0,2.9632888817169634,2.074916534303618
Kepler-46 b,,0.9580518880433012,1.526959255342246,-0.7053133757205567,3.7122286696195355,-0.04479346245805826,-0.027797161620935564,4.447,0.9867717342662449,1,3,289.2687388,42.6041819,13.62366,74.1138,63.82518,303.40734,1.1850319204327684,-0.9430951486635274,-0.114,1.140319451670128,1.1282699951696267,1.125383660467707,1.1667290139792528,-2.113509274827518,-0.0077,1,0,0,0,0,0,2.7342202023889484,1.1586418169915575
Kepler-50 b,,0.23299611039215382,0.8927922539341866,-1.1135092748275182,3.794139355767774,0.09342168516223506,0.19865708695442263,4.132,0.5797835966168101,1,2,288.1009312,50.0336844,17.29263,80.87004,71.09211,308.01079,1.0230053972499347,-2.154901959985743,-0.007,0.9785457004627387,0.9661417327390326,0.9636461864848433,0.9999869709701065,-2.214670164989233,-0.0061,2,0,0,0,0,0,3.1334559623783464,2.755584856949151
Kepler-50 c,,0.3364597338485295,0.9720393684362427,-1.0604807473813815,3.794139355767774,0.09342168516223506,0.19865708695442263,4.132,0.5797835966168101,1,2,288.1009312,50.0336844,17.29263,80.87004,71.09211,308.01079,1.0230053972499347,-2.154901959985743,-0.007,0.9785457004627387,0.9661417327390326,0.9636461864848433,0.9999869709701065,-2.214670164989233,-0.0061,2,0,0,0,0,0,3.1069416986552785,2.6495278020568778
Kepler-56 b,,0.8135809885681919,1.0212554722350673,-0.9880068853407431,3.6848453616444123,0.12057393120584989,0.6263403673750424,3.31,0.5440680443502757,1,3,293.7583002,41.871807,10.31441,74.92557,62.06589,309.81795,1.1003016040138538,-1.337242168318426,-0.046,1.0339462029903608,1.0141003215196205,1.0097482559485536,1.0713148460253026,-2.1487416512809245,-0.0071,1,0,0,0,0,0,3.1752524137219074,2.9227706623233947
Kepler-56 c,,0.9912260756924949,1.330462273622789,-0.7819899570156366,3.6848453616444123,0.12057393120584989,0.6263403673750424,3.31,0.5440680443502757,1,3,293.7583002,41.871807,10.31441,74.92557,62.06589,309.81795,1.1003016040138538,-1.337242168318426,-0.046,1.0339462029903608,1.0141003215196205,1.0097482559485536,1.0713148460253026,-2.1487416512809245,-0.0071,1,0,0,0,0,0,3.072243949559354,2.5107368056731816
Kepler-63 b,,0.7860412102425542,0.9747028001265772,-1.0969100130080565,3.746322765089953,-0.007004901568658489,-0.04527520902093701,4.52,-0.6777807052660807,1,1,289.2262876,49.5482814,16.43629,80.68879,70.36407,309.47471,1.0799044676667207,-1.585026652029182,-0.026,1.016991578206205,1.0041493419000591,0.9998696921082678,1.0436726581615379,-2.207608310501746,-0.0062,1,0,0,0,0,0,2.955373592803115,2.043255378648224
Kepler-65 b,,0.15228834438305647,0.33342913652942535,-1.4559319556497243,3.793161529245551,0.09691001300805642,0.14921911265537988,4.232,0.4623979978989561,1,4,288.6887221,41.1511076,13.41465,72.56961,62.55713,301.56513,1.0383021721995247,-2.0969100130080562,-0.008,1.0028569260611206,0.9935244031670656,0.9914918889101594,1.0250189722827596,-2.221848749616356,-0.006,1,0,0,0,0,0,3.278970489117705,3.337642963906585
Kepler-65 c,,0.41161970596323016,0.7678934657438253,-1.1674910872937636,3.793161529245551,0.09691001300805642,0.14921911265537988,4.232,0.4623979978989561,1,4,288.6887221,41.1511076,13.41465,72.56961,62.55713,301.56513,1.0383021721995247,-2.0969100130080562,-0.008,1.0028569260611206,0.9935244031670656,0.9914918889101594,1.0250189722827596,-2.221848749616356,-0.006,1,0,0,0,0,0,3.1347500549397247,2.7607612271946635
Kepler-65 d,,0.18184358794477254,0.9101562456934776,-1.0757207139381184,3.793161529245551,0.09691001300805642,0.14921911265537988,4.232,0.4623979978989561,1,4,288.6887221,41.1511076,13.41465,72.56961,62.55713,301.56513,1.0383021721995247,-2.0969100130080562,-0.008,1.0028569260611206,0.9935244031670656,0.9914918889101594,1.0250189722827596,-2.221848749616356,-0.006,1,0,0,0,0,0,3.088864868261902,2.5772204804833727
Kepler-66 b,,0.4471580313422192,1.2508056943214296,-0.8690233083943829,3.775391971696612,0.01619735351243906,-0.015022873584506671,4.484,0.0,1,1,293.9815378,46.687728,12.35796,79.37647,66.47612,314.30609,1.18440748541232,-0.9393021596463883,-0.115,1.146778989307833,1.1363717234923232,1.1342089929320835,1.1666313761635216,-2.1426675035687315,-0.0072,1,0,0,0,0,0,2.8856256148211523,1.7642634667203738
Kepler-68 c,,-0.02090709936167361,0.9825012124947059,-1.0429197403421002,3.762903528499057,0.033021444682910656,0.0944711286416448,4.281,0.7993405494535817,2,4,291.0323102,49.0402129,15.15359,80.69124,69.42897,312.03005,1.0033312585613268,-2.3979400086720375,-0.004,0.9530344572503567,0.9376181793938235,0.933892035764211,0.9781339339585196,-2.221848749616356,-0.006,2,0,3,0,0,0,3.014832388710532,2.281090562277892
Kepler-79 b,,0.5403294747908738,1.1298348476174773,-0.9318141382538383,3.7905666251460763,0.0663259253620378,0.11461098423217315,4.274,0.5365584425715301,1,4,300.5171067,44.3815508,7.23801,79.57854,62.45244,321.69084,1.1472433595433686,-0.8996294548824371,-0.126,1.1110271510261749,1.1021935080397436,1.1005773027895962,1.1295706703778245,-2.0,-0.01,1,0,0,0,0,0,2.9970126121086844,2.209811455870503
Kepler-79 c,,0.5705429398818975,1.437796525862442,-0.7281583934635011,3.7905666251460763,0.0663259253620378,0.11461098423217315,4.274,0.5365584425715301,1,4,300.5171067,44.3815508,7.23801,79.57854,62.45244,321.69084,1.1472433595433686,-0.8996294548824371,-0.126,1.1110271510261749,1.1021935080397436,1.1005773027895962,1.1295706703778245,-2.0,-0.01,1,0,0,0,0,0,2.895184739713516,1.8024999662898282
Kepler-79 d,,0.8549130223078556,1.7167560249068694,-0.5421181032660077,3.7905666251460763,0.0663259253620378,0.11461098423217315,4.274,0.5365584425715301,1,4,300.5171067,44.3815508,7.23801,79.57854,62.45244,321.69084,1.1472433595433686,-0.8996294548824371,-0.126,1.1110271510261749,1.1021935080397436,1.1005773027895962,1.1295706703778245,-2.0,-0.01,1,0,0,0,0,0,2.8021645946147693,1.4304193858948415
Kepler-79 e,,0.5428254269591799,1.9088382086358386,-0.41341269532824504,3.7905666251460763,0.0663259253620378,0.11461098423217315,4.274,0.5365584425715301,1,4,300.5171067,44.3815508,7.23801,79.57854,62.45244,321.69084,1.1472433595433686,-0.8996294548824371,-0.126,1.1110271510261749,1.1021935080397436,1.1005773027895962,1.1295706703778245,-2.0,-0.01,1,0,0,0,0,0,2.737811890645888,1.173008570019316
Kepler-80 b,,0.42651126136457523,0.8483406316117299,-1.1884249941294067,3.6570558528571038,-0.1366771398795441,-0.16877030613293661,4.639,0.3010299956639812,1,6,296.1125759,39.9787451,7.85257,74.08669,59.67592,311.90935,1.1826999033360426,-0.7644715530924511,-0.172,1.1124038927178745,1.091807597001675,1.088242433511572,1.146868806280046,-2.207608310501746,-0.0062,1,0,0,0,0,0,2.8501166225749412,1.6222274977355293
Kepler-80 c,,0.437750562820388,0.9787988662441818,-1.1012748184105066,3.6570558528571038,-0.1366771398795441,-0.16877030613293661,4.639,0.3010299956639812,1,6,296.1125759,39.9787451,7.85257,74.08669,59.67592,311.90935,1.1826999033360426,-0.7644715530924511,-0.172,1.1124038927178745,1.091807597001675,1.088242433511572,1.146868806280046,-2.207608310501746,-0.0062,1,0,0,0,0,0,2.806541534715491,1.4479271462977288
Kepler-80 d,,0.1846914308175988,0.4874523120642212,-1.4294570601181025,3.6570558528571038,-0.1366771398795441,-0.16877030613293661,4.639,0.3010299956639812,1,6,296.1125759,39.9787451,7.85257,74.08669,59.67592,311.90935,1.1826999033360426,-0.7644715530924511,-0.172,1.1124038927178745,1.091807597001675,1.088242433511572,1.146868806280046,-2.207608310501746,-0.0062,1,0,0,0,0,0,2.9706326555692892,2.104291629712921
Kepler-80 e,,0.2041199826559248,0.6669754335161673,-1.3089185078770316,3.6570558528571038,-0.1366771398795441,-0.16877030613293661,4.639,0.3010299956639812,1,6,296.1125759,39.9787451,7.85257,74.08669,59.67592,311.90935,1.1826999033360426,-0.7644715530924511,-0.172,1.1124038927178745,1.091807597001675,1.088242433511572,1.146868806280046,-2.207608310501746,-0.0062,1,0,0,0,0,0,2.9103633794487536,1.863214525230779
Kepler-80 f,,0.08278537031645007,-0.0057764485371988574,-1.7569619513137056,3.6570558528571038,-0.1366771398795441,-0.16877030613293661,4.639,0.3010299956639812,1,6,296.1125759,39.9787451,7.85257,74.08669,59.67592,311.90935,1.1826999033360426,-0.7644715530924511,-0.172,1.1124038927178745,1.091807597001675,1.088242433511572,1.146868806280046,-2.207608310501746,-0.0062,1,0,0,0,0,0,3.1343851011670907,2.759301412104127
Kepler-9 b,,0.9185545305502735,1.2841804630035114,-0.8446639625349383,3.7614767795447017,0.009450895798693935,-0.018634490921455603,4.49,0.3010299956639812,1,3,285.5739904,38.4008192,14.48974,68.98012,60.48056,295.27536,1.1437016294247697,-1.0969100130080565,-0.08,1.104145550554008,1.0931063569779067,1.0912095647341293,1.1247421738795667,-2.1249387366083,-0.0075,1,0,0,0,0,1,2.8577249410710452,1.6526607717199457
Kepler-9 c,,0.9074113607745862,1.5909008805560083,-0.6439741428068773,3.7614767795447017,0.009450895798693935,-0.018634490921455603,4.49,0.3010299956639812,1,3,285.5739904,38.4008192,14.48974,68.98012,60.48056,295.27536,1.1437016294247697,-1.0969100130080565,-0.08,1.104145550554008,1.0931063569779067,1.0912095647341293,1.1247421738795667,-2.1249387366083,-0.0075,0,0,0,0,0,1,2.7573800312070147,1.2512811322638238
Kepler-91 b,,1.1906957924917323,0.7956423063599194,-1.1426675035687315,3.6580113966571126,0.11727129565576427,0.7993405494535817,2.953,0.6866362692622934,1,1,285.6729033,44.1167513,16.62216,74.48612,66.0127,298.49006,1.1042138841993232,-1.0362121726544447,-0.092,1.0330214446829107,1.0100878469985244,1.0058666018753848,1.0717752607988122,-2.193820026016113,-0.0064,1,0,0,0,0,0,3.3122488488878714,3.47075640298725
Qatar-2 b,,1.1102647095182632,0.12616926524145392,-1.665546248849069,3.6669857183296606,-0.13076828026902382,-0.14691047014813446,4.601,0.146128035678238,1,1,207.6554928,-6.8040714,53.16778,327.95632,4.28004,208.1145,1.1284961986327056,-0.7958800173440752,-0.16,1.0549958615291415,1.033182413729195,1.0260836208009874,1.0904837850518663,-2.207608310501746,-0.0062,1,0,1,0,0,0,3.10953703339973,2.659909141034685
TOI-1268 b,,0.9228867230474304,0.9115692207079199,-1.1649438982798836,3.720737977018425,-0.045757490560675115,-0.06550154875643228,4.52,-0.4089353929735008,1,1,198.3885831,62.3053799,54.63193,118.49488,60.53917,153.72512,1.0382226383687185,-2.0969100130080562,-0.008,0.9731278535996987,0.9558800862253755,0.9499264436679122,1.0064446479054305,-2.2006594505464183,-0.0063,3,0,0,0,0,2,2.953692577499753,2.036531317434777
TOI-1710 b,,0.7275412570285564,1.385310012330352,-0.7958800173440752,3.753199914199416,-0.007004901568658489,-0.014124642691606345,4.46,0.6232492903979004,2,1,94.2838373,76.21102,24.28095,137.91618,52.79683,91.68346,0.9797759327296856,-2.5228787452803374,-0.003,0.9200711242975241,0.9032528168939585,0.9008585047019916,0.9500433964700112,-2.221848749616356,-0.006,0,0,0,0,0,0,2.8273110272452526,1.5310051164167755
TOI-1751 b,,0.4424797690644486,1.573666191148729,-0.6744843366368518,3.777861624176242,-0.045757490560675115,0.07918124604762482,4.24,1.0,1,1,243.4888534,63.5335297,41.28461,95.64188,78.5111,182.82015,0.9697419767628542,-2.5228787452803374,-0.003,0.9165065871151556,0.9010221732480791,0.8994921961381317,0.9447865719349812,-2.221848749616356,-0.006,0,0,0,0,0,0,2.8379278412380824,1.5734723723880943
TOI-1807 b,,0.1367205671564068,-0.26013189810752657,-1.9208187539523751,3.6748611407378116,-0.11918640771920865,-0.16115090926274472,4.55,-0.5228787452803376,1,1,201.2826259,38.9223671,76.26869,94.23935,43.53136,180.72137,1.0,-1.5228787452803376,-0.03,0.9086458389071134,0.8810992183890173,0.8789811233937364,0.9559906408164748,-2.221848749616356,-0.006,0,0,0,0,0,0,3.237928488802229,3.173474962644681
TOI-1842 b,,1.0665994607557385,0.9810888869358816,-0.9995659225206814,3.7944880466591697,0.1643528557844371,0.3053513694466238,4.1,0.3961993470957364,1,1,201.9626552,9.0306437,69.96078,330.0607,16.914,196.79124,0.991890303936025,-2.3979400086720375,-0.004,0.9418591265253735,0.9299805905155147,0.9266510770888888,0.9669546280720799,-2.214670164989233,-0.0061,0,0,0,0,0,0,3.1301801183624245,2.7424814808854623
TOI-561 b,,0.1367205671564068,-0.35011162264650303,-1.9746941347352298,3.7264011621029223,-0.09420411963213146,-0.07987667370927608,4.5,1.0,1,4,148.1851516,6.216103,42.72934,230.84909,-6.26469,148.18985,1.0108085975122065,-2.221848749616356,-0.006,0.9483640559883693,0.9296232515152403,0.9239689648754713,0.9789698406970981,-2.221848749616356,-0.006,1,0,0,0,0,0,3.3570433183355015,3.649934280777771
TOI-561 c,,0.4638929889859073,1.0325716627265367,-1.0506099933550872,3.7264011621029223,-0.09420411963213146,-0.07987667370927608,4.5,1.0,1,4,148.1851516,6.216103,42.72934,230.84909,-6.26469,148.18985,1.0108085975122065,-2.221848749616356,-0.006,0.9483640559883693,0.9296232515152403,0.9239689648754713,0.9789698406970981,-2.221848749616356,-0.006,1,0,0,0,0,0,2.8950012476454305,1.8017659980174856
TOI-561 d,,0.45024910831936105,1.4101426156592163,-0.7986028756795485,3.7264011621029223,-0.09420411963213146,-0.07987667370927608,4.5,1.0,1,4,148.1851516,6.216103,42.72934,230.84909,-6.26469,148.18985,1.0108085975122065,-2.221848749616356,-0.006,0.9483640559883693,0.9296232515152403,0.9239689648754713,0.9789698406970981,-2.221848749616356,-0.006,1,0,0,0,0,0,2.768997688807661,1.2977517626664081
TOI-561 e,,0.4065401804339551,1.8866598978612028,-0.4814860601221125,3.7264011621029223,-0.09420411963213146,-0.07987667370927608,4.5,1.0,1,4,148.1851516,6.216103,42.72934,230.84909,-6.26469,148.18985,1.0108085975122065,-2.221848749616356,-0.006,0.9483640559883693,0.9296232515152403,0.9239689648754713,0.9789698406970981,-2.221848749616356,-0.006,1,0,0,0,0,0,2.6104392810289427,0.6635181315515362
TOI-677 b,,1.1177519831617253,1.0506348631679383,-0.9825492704894638,3.7989957344438814,0.07224989761351482,0.10720996964786837,4.291,0.4653828514484183,1,1,144.1193594,-50.4630933,1.25835,274.33495,-58.86868,176.05467,0.992199929795585,-2.3979400086720375,-0.004,0.9406160823374076,0.927883410330707,0.9257760538367463,0.9671453652767189,-2.221848749616356,-0.006,1,0,0,0,0,0,3.0271087802321497,2.3301961283643635
TrES-2 b,,1.1240175881192427,0.3928057629235957,-1.4481841776489843,3.7671558660821804,-0.004364805402450088,-0.021363051615525673,4.4,0.4913616938342727,2,1,286.8085258,49.3164211,17.8079,79.84865,70.72951,304.82907,1.0513069108179738,-1.958607314841775,-0.011,1.0099605314705975,0.9965116721541787,0.9932598314367368,1.0355898172434574,-2.214670164989233,-0.0061,9,45,4,0,3,2,3.163799854818512,2.8769604267098132
TrES-3 b,,1.175366831061349,0.11600496140898797,-1.6416843599178041,3.7520484478194387,-0.032452023781137915,-0.08144546944972647,4.4,-0.045757490560675115,1,1,268.0291106,37.5463268,27.28979,63.34033,60.96358,266.77557,1.0920887392558065,-1.1611509092627446,-0.069,1.0419845014867863,1.0275534540502207,1.025633511060698,1.0689757816066965,-2.207608310501746,-0.0062,1,64,2,0,5,3,3.21540131877308,3.083366282528083
TrES-4 b,,1.3007174645990904,0.550710702484102,-1.292004253577071,3.792391689498254,0.14736710779378645,0.26623169668989327,4.0,0.4623979978989561,2,1,268.3043361,37.2117397,26.9935,63.03882,60.63481,267.24159,1.0767132446900252,-1.6382721639824072,-0.023,1.024608796126558,1.0149403497929366,1.0141003215196205,1.045776599097494,-2.207608310501746,-0.0062,4,16,2,0,1,5,3.2547430903513384,3.2407333688411177
WASP-12 b,,1.3429286761826231,0.03799147054747948,-1.630784142589857,3.796921075330169,0.12221587827282664,0.22788670461367352,4.11,0.48429983934678583,3,1,97.636645,29.6722662,8.93638,184.08312,6.40969,96.66845,1.0632958210735204,-1.6382721639824072,-0.023,1.0202369439108077,1.0097907193542979,1.0080889362915775,1.0451938450144445,-1.899629454882437,-0.0126,7,7,2,0,11,8,3.4094899246515364,3.8597207060419105
WASP-131 b,,1.1380565916217298,0.7260758902594603,-1.216096420727265,3.7774268223893115,0.02530586526477026,0.19340290306241747,4.075,0.8450980400142568,1,1,210.1935714,-30.5836084,29.95901,320.15263,-17.13288,218.85944,1.002943206876325,-2.3010299956639813,-0.005,0.9491460012445034,0.9371667037150327,0.9331328237267343,0.9764412308751377,-2.214670164989233,-0.0061,1,0,0,0,1,0,3.165409910003755,2.883400647450784
WASP-132 b,,1.0021660617565078,0.8533035179112293,-1.1739251972991736,3.673389578188305,-0.10679324694015198,-0.12320502379929942,4.576,0.505149978319906,1,3,217.6091998,-46.159516,13.35247,320.27182,-29.57814,230.87697,1.0769315745556556,-1.337242168318426,-0.046,1.0110203555162571,0.9887818434536402,0.9856060830524365,1.045776599097494,-2.221848749616356,-0.006,0,0,0,0,0,0,2.8819830906578443,1.7496933700671418
WASP-132 c,,0.26717172840301384,0.004980484995327662,-1.739928612014925,3.673389578188305,-0.10679324694015198,-0.12320502379929942,4.576,0.505149978319906,1,3,217.6091998,-46.159516,13.35247,320.27182,-29.57814,230.87697,1.0769315745556556,-1.337242168318426,-0.046,1.0110203555162571,0.9887818434536402,0.9856060830524365,1.045776599097494,-2.221848749616356,-0.006,1,0,0,0,0,0,3.16498479801572,2.881700199498645
WASP-4 b,,1.1704696867791786,0.12653123728269391,-1.645891560852599,3.7323937598229686,-0.06348625752110672,-0.049148541111453566,4.47,0.8450980400142568,1,1,353.5629149,-42.0617794,-68.29575,344.4924,-35.55903,335.07051,1.0963189705126097,-1.3872161432802645,-0.041,1.0484029561527397,1.0351094029445755,1.0312468362326752,1.0729663885983454,-2.221848749616356,-0.006,2,13,1,0,5,3,3.2139986954131436,3.077755789088339
WASP-77 A b,,1.1322596895310446,0.13354877568421852,-1.6197887582883939,3.7403626894942437,0.0008677215312269133,-0.019996628416253676,4.33,0.0,2,1,37.1555223,-7.0606675,-59.43598,176.35044,-20.56103,32.34906,1.0125841639141508,-2.154901959985743,-0.007,0.9428014663179404,0.9229329565552117,0.9245377177754898,0.9834968363525565,-2.1739251972991736,-0.0067,2,0,2,0,4,0,3.223492180149916,3.1157297280354297
XO-1 b,,1.1635102214714883,0.5956652771753708,-1.3115801779972893,3.7596678446896306,0.0,0.0,4.43,0.6757783416740851,1,1,240.5492745,28.1696248,48.02124,45.85302,47.60185,229.99392,1.0511911246856986,-2.0969100130080562,-0.008,0.9973426906016224,0.9823164696920653,0.9789561652175914,1.0231865900727612,-2.214670164989233,-0.0061,1,70,2,0,1,2,3.0986913594078773,2.616526445067274
XO-2 N b,,1.0577421558287528,0.41761436747243424,-1.4349790716547062,3.726890140741822,-0.01322826573375516,0.004321373782642578,4.44,0.8976270912904415,2,3,117.0267691,50.2251472,29.32831,168.28983,28.58414,109.32981,1.0509980791733842,-1.958607314841775,-0.011,0.9887372752888002,0.9703468762300933,0.9688563746146923,1.0189791231620762,-2.214670164989233,-0.0061,3,42,3,0,1,5,3.1297737891800983,2.7408561641561575
pi Men c,,0.3242824552976926,0.7971187331152872,-1.1674910872937636,3.7780064614235083,0.029383777685209667,0.06818586174616162,4.43,0.5932860670204573,1,3,84.2992798,-80.4646041,-29.77608,292.50808,-76.01862,273.90137,0.7520484478194386,-1.5228787452803376,-0.03,0.6874397745458943,0.6458151182966418,0.6274682724597096,0.708029774040427,-2.2006594505464183,-0.0063,2,1,2,1,0,0,3.0790783616630732,2.5380744540880573
